anchor,history_policy,n,seed,hard,soft,unplaced,objective,kicks,fresh_restarts,deep_phases,adoptions,clean
incumbent,refill-at-kick,400,1,0,86,0,39040,325,0,0,0,1
incumbent,refill-at-kick,400,2,0,96,0,49090,325,0,0,0,1
incumbent,refill-at-kick,400,3,0,100,0,57680,325,0,0,0,1
incumbent,refill-at-kick,400,4,0,125,0,80750,325,0,0,0,1
incumbent,refill-at-kick,400,5,0,82,0,31145,312,0,0,0,1
incumbent,refill-at-kick,400,6,0,101,0,53940,343,0,0,0,1
incumbent,refill-at-kick,400,7,0,129,0,92430,357,0,0,0,1
incumbent,refill-at-kick,400,8,0,95,0,42280,332,0,0,0,1
incumbent,refill-at-kick,400,9,0,81,0,32965,318,0,0,0,1
incumbent,refill-at-kick,400,10,0,106,0,57955,337,0,0,0,1
incumbent,refill-at-kick,400,11,0,105,0,61600,322,0,0,0,1
incumbent,refill-at-kick,400,12,0,116,0,73330,339,0,0,0,1
incumbent,refill-at-kick,1600,1,0,360,0,846115,313,0,0,0,1
incumbent,refill-at-kick,1600,2,0,310,0,542035,305,0,0,0,1
incumbent,refill-at-kick,1600,3,0,360,0,710390,300,0,0,0,1
incumbent,refill-at-kick,1600,4,0,411,0,909170,315,0,0,0,1
incumbent,refill-at-kick,1600,5,0,333,0,660485,292,0,0,0,1
incumbent,refill-at-kick,1600,6,0,374,0,761430,283,0,0,0,1
incumbent,refill-at-kick,1600,7,0,287,0,410920,289,0,0,0,1
incumbent,refill-at-kick,1600,8,0,356,0,738860,311,0,0,0,1
incumbent,refill-at-kick,1600,9,0,466,0,1286675,317,0,0,0,1
incumbent,refill-at-kick,1600,10,0,432,0,1093995,315,0,0,0,1
incumbent,refill-at-kick,1600,11,0,341,0,658055,292,0,0,0,1
incumbent,refill-at-kick,1600,12,0,288,0,426745,279,0,0,0,1
incumbent,keep,400,1,0,71,0,25205,330,0,0,0,1
incumbent,keep,400,2,0,75,0,31735,331,0,0,0,1
incumbent,keep,400,3,0,78,0,26870,323,0,0,0,1
incumbent,keep,400,4,0,79,0,31055,323,0,0,0,1
incumbent,keep,400,5,0,73,0,25895,328,0,0,0,1
incumbent,keep,400,6,0,89,0,36085,339,0,0,0,1
incumbent,keep,400,7,0,103,0,63620,330,0,0,0,1
incumbent,keep,400,8,0,61,0,18080,329,0,0,0,1
incumbent,keep,400,9,0,52,0,14315,319,0,0,0,1
incumbent,keep,400,10,0,92,0,44035,327,0,0,0,1
incumbent,keep,400,11,0,67,0,23015,314,0,0,0,1
incumbent,keep,400,12,0,83,0,31255,330,0,0,0,1
incumbent,keep,1600,1,0,257,0,309095,275,0,0,0,1
incumbent,keep,1600,2,0,176,0,150380,251,0,0,0,1
incumbent,keep,1600,3,0,262,0,370945,273,0,0,0,1
incumbent,keep,1600,4,0,267,0,344695,267,0,0,0,1
incumbent,keep,1600,5,0,239,0,267010,257,0,0,0,1
incumbent,keep,1600,6,0,359,0,706440,275,0,0,0,1
incumbent,keep,1600,7,0,203,0,204220,248,0,0,0,1
incumbent,keep,1600,8,0,246,0,291700,269,0,0,0,1
incumbent,keep,1600,9,0,344,0,630680,287,0,0,0,1
incumbent,keep,1600,10,0,306,0,478395,261,0,0,0,1
incumbent,keep,1600,11,0,245,0,326690,263,0,0,0,1
incumbent,keep,1600,12,0,219,0,252415,259,0,0,0,1
incumbent,reset-to-incumbent,400,1,0,72,0,24235,333,0,0,0,1
incumbent,reset-to-incumbent,400,2,0,71,0,29005,324,0,0,0,1
incumbent,reset-to-incumbent,400,3,0,78,0,27670,327,0,0,0,1
incumbent,reset-to-incumbent,400,4,0,80,0,36300,322,0,0,0,1
incumbent,reset-to-incumbent,400,5,0,65,0,21805,319,0,0,0,1
incumbent,reset-to-incumbent,400,6,0,76,0,27910,335,0,0,0,1
incumbent,reset-to-incumbent,400,7,0,116,0,71660,354,0,0,0,1
incumbent,reset-to-incumbent,400,8,0,59,0,16420,334,0,0,0,1
incumbent,reset-to-incumbent,400,9,0,69,0,24930,323,0,0,0,1
incumbent,reset-to-incumbent,400,10,0,70,0,24370,339,0,0,0,1
incumbent,reset-to-incumbent,400,11,0,73,0,29650,327,0,0,0,1
incumbent,reset-to-incumbent,400,12,0,83,0,31730,329,0,0,0,1
incumbent,reset-to-incumbent,1600,1,0,247,0,306920,273,0,0,0,1
incumbent,reset-to-incumbent,1600,2,0,202,0,193985,264,0,0,0,1
incumbent,reset-to-incumbent,1600,3,0,226,0,283265,289,0,0,0,1
incumbent,reset-to-incumbent,1600,4,0,253,0,346495,274,0,0,0,1
incumbent,reset-to-incumbent,1600,5,0,236,0,261065,266,0,0,0,1
incumbent,reset-to-incumbent,1600,6,0,280,0,431985,276,0,0,0,1
incumbent,reset-to-incumbent,1600,7,0,242,0,283745,280,0,0,0,1
incumbent,reset-to-incumbent,1600,8,0,242,0,268905,263,0,0,0,1
incumbent,reset-to-incumbent,1600,9,0,258,0,315430,265,0,0,0,1
incumbent,reset-to-incumbent,1600,10,0,254,0,324680,272,0,0,0,1
incumbent,reset-to-incumbent,1600,11,0,222,0,244305,255,0,0,0,1
incumbent,reset-to-incumbent,1600,12,0,238,0,273410,273,0,0,0,1
working-state,refill-at-kick,400,1,0,119,0,76485,323,0,0,0,1
working-state,refill-at-kick,400,2,0,113,0,84450,313,0,0,0,1
working-state,refill-at-kick,400,3,0,129,0,85790,317,0,0,0,1
working-state,refill-at-kick,400,4,0,164,0,176155,322,0,0,0,1
working-state,refill-at-kick,400,5,0,125,0,100000,320,0,0,0,1
working-state,refill-at-kick,400,6,0,175,0,148820,340,0,0,0,1
working-state,refill-at-kick,400,7,0,167,0,173335,354,0,0,0,1
working-state,refill-at-kick,400,8,0,150,0,115625,328,0,0,0,1
working-state,refill-at-kick,400,9,0,103,0,53645,307,0,0,0,1
working-state,refill-at-kick,400,10,0,183,0,201920,339,0,0,0,1
working-state,refill-at-kick,400,11,0,144,0,126275,325,0,0,0,1
working-state,refill-at-kick,400,12,0,146,0,127155,332,0,0,0,1
working-state,refill-at-kick,1600,1,0,482,0,1442545,316,0,0,0,1
working-state,refill-at-kick,1600,2,0,316,0,497350,280,0,0,0,1
working-state,refill-at-kick,1600,3,0,417,0,1052770,306,0,0,0,1
working-state,refill-at-kick,1600,4,0,482,0,1433620,324,0,0,0,1
working-state,refill-at-kick,1600,5,0,500,0,1582680,318,0,0,0,1
working-state,refill-at-kick,1600,6,0,488,0,1400755,304,0,0,0,1
working-state,refill-at-kick,1600,7,0,550,0,1881160,329,0,0,0,1
working-state,refill-at-kick,1600,8,0,490,0,1391560,320,0,0,0,1
working-state,refill-at-kick,1600,9,0,360,0,693675,263,0,0,0,1
working-state,refill-at-kick,1600,10,0,524,0,1709625,320,0,0,0,1
working-state,refill-at-kick,1600,11,0,640,0,2810635,331,0,0,0,1
working-state,refill-at-kick,1600,12,0,595,0,2240500,334,0,0,0,1
working-state,keep,400,1,0,77,0,28520,327,0,0,0,1
working-state,keep,400,2,0,84,0,38180,334,0,0,0,1
working-state,keep,400,3,0,101,0,48325,330,0,0,0,1
working-state,keep,400,4,0,111,0,69730,336,0,0,0,1
working-state,keep,400,5,0,73,0,25895,321,0,0,0,1
working-state,keep,400,6,0,109,0,59330,342,0,0,0,1
working-state,keep,400,7,0,118,0,84625,357,0,0,0,1
working-state,keep,400,8,0,78,0,27250,327,0,0,0,1
working-state,keep,400,9,0,75,0,31415,314,0,0,0,1
working-state,keep,400,10,0,109,0,58080,338,0,0,0,1
working-state,keep,400,11,0,83,0,38735,320,0,0,0,1
working-state,keep,400,12,0,95,0,48655,327,0,0,0,1
working-state,keep,1600,1,0,284,0,420865,286,0,0,0,1
working-state,keep,1600,2,0,270,0,351760,274,0,0,0,1
working-state,keep,1600,3,0,256,0,346440,257,0,0,0,1
working-state,keep,1600,4,0,258,0,388625,275,0,0,0,1
working-state,keep,1600,5,0,254,0,338440,255,0,0,0,1
working-state,keep,1600,6,0,334,0,632060,289,0,0,0,1
working-state,keep,1600,7,0,267,0,384520,281,0,0,0,1
working-state,keep,1600,8,0,284,0,452945,291,0,0,0,1
working-state,keep,1600,9,0,367,0,715790,298,0,0,0,1
working-state,keep,1600,10,0,321,0,557605,278,0,0,0,1
working-state,keep,1600,11,0,273,0,399080,277,0,0,0,1
working-state,keep,1600,12,0,317,0,575095,293,0,0,0,1
working-state,reset-to-incumbent,400,1,0,65,0,25330,324,0,0,0,1
working-state,reset-to-incumbent,400,2,0,84,0,37955,331,0,0,0,1
working-state,reset-to-incumbent,400,3,0,88,0,40850,329,0,0,0,1
working-state,reset-to-incumbent,400,4,0,107,0,54165,335,0,0,0,1
working-state,reset-to-incumbent,400,5,0,73,0,26920,331,0,0,0,1
working-state,reset-to-incumbent,400,6,0,102,0,50715,339,0,0,0,1
working-state,reset-to-incumbent,400,7,0,92,0,48595,335,0,0,0,1
working-state,reset-to-incumbent,400,8,0,58,0,16820,321,0,0,0,1
working-state,reset-to-incumbent,400,9,0,71,0,27205,327,0,0,0,1
working-state,reset-to-incumbent,400,10,0,98,0,50290,336,0,0,0,1
working-state,reset-to-incumbent,400,11,0,72,0,31820,325,0,0,0,1
working-state,reset-to-incumbent,400,12,0,79,0,34365,334,0,0,0,1
working-state,reset-to-incumbent,1600,1,0,232,0,278210,280,0,0,0,1
working-state,reset-to-incumbent,1600,2,0,177,0,163805,268,0,0,0,1
working-state,reset-to-incumbent,1600,3,0,239,0,272405,264,0,0,0,1
working-state,reset-to-incumbent,1600,4,0,282,0,437120,294,0,0,0,1
working-state,reset-to-incumbent,1600,5,0,197,0,188960,244,0,0,0,1
working-state,reset-to-incumbent,1600,6,0,296,0,492440,279,0,0,0,1
working-state,reset-to-incumbent,1600,7,0,256,0,304355,279,0,0,0,1
working-state,reset-to-incumbent,1600,8,0,239,0,291535,288,0,0,0,1
working-state,reset-to-incumbent,1600,9,0,334,0,566905,286,0,0,0,1
working-state,reset-to-incumbent,1600,10,0,337,0,623335,295,0,0,0,1
working-state,reset-to-incumbent,1600,11,0,217,0,238895,256,0,0,0,1
working-state,reset-to-incumbent,1600,12,0,205,0,216160,271,0,0,0,1
