arm,n,seed,budget,hard,soft,unplaced,objective,candidates,work,elapsed_ms,kicks,fresh_restarts,deep_phases,adoptions,clean
full,400,1,25000,0,97,0,45970,25000,1194840,955,0,0,9,0,1
full,400,2,25000,0,87,0,48060,25000,1210857,958,0,0,4,0,1
full,400,3,25000,0,108,0,58385,25000,1178382,954,0,0,12,0,1
full,400,4,25000,0,109,0,59330,25000,1283623,964,0,0,10,0,1
full,400,5,25000,0,97,0,47095,25000,1194040,910,0,0,7,0,1
full,400,6,25000,0,110,0,62600,25000,1257970,934,0,0,10,0,1
full,400,1,50000,0,61,0,21215,50000,2541505,2010,0,0,25,0,1
full,400,2,50000,0,59,0,22720,50000,2593080,2203,1,0,18,0,1
full,400,3,50000,0,67,0,25015,50000,2456621,1949,0,0,26,0,1
full,400,4,50000,0,76,0,29990,50000,2723235,2042,1,0,23,0,1
full,400,5,50000,0,60,0,17360,50000,2517682,1853,1,0,22,0,1
full,400,6,50000,0,79,0,31810,50000,2625787,2020,1,0,27,0,1
full,400,1,100000,0,61,0,21215,100000,5504170,4362,20,0,87,0,1
full,400,2,100000,0,53,0,16805,100000,5489590,4427,16,0,74,0,1
full,400,3,100000,0,57,0,18045,100000,5210996,4071,16,0,80,0,1
full,400,4,100000,0,60,0,18820,100000,5722262,4413,13,0,76,0,1
full,400,5,100000,0,44,0,9250,100000,5324089,3963,10,0,72,0,1
full,400,6,100000,0,73,0,26815,100000,5671480,4068,17,0,85,0,1
full,400,1,200000,0,48,0,11990,200000,11393586,8787,46,0,196,0,1
full,400,2,200000,0,50,0,14050,200000,11299825,9258,51,0,193,0,1
full,400,3,200000,0,57,0,18045,200000,10819901,8500,55,1,202,0,1
full,400,4,200000,0,60,0,18820,200000,11795771,9018,52,1,200,0,1
full,400,5,200000,0,44,0,9250,200000,11125267,8169,46,1,188,0,1
full,400,6,200000,0,73,0,26815,200000,11574380,8658,40,1,175,0,1
full,400,1,400000,0,48,0,11990,400000,23035952,17403,100,1,404,0,1
full,400,2,400000,0,50,0,14050,400000,22848451,18147,108,1,399,0,1
full,400,3,400000,0,54,0,13555,400000,21839845,17271,102,1,399,1,1
full,400,4,400000,0,56,0,14630,400000,23766163,17829,100,1,398,1,1
full,400,5,400000,0,40,0,8035,400000,22464737,16849,106,1,395,1,1
full,400,6,400000,0,75,0,25895,400000,23503944,17813,103,2,388,0,1
full,400,1,800000,0,46,0,11570,800000,46215956,35317,218,3,826,2,1
full,400,2,800000,0,47,0,13280,800000,46193838,36418,243,2,854,2,1
full,400,3,800000,0,49,0,12805,800000,43878316,33857,215,3,810,2,1
full,400,4,800000,0,53,0,13310,800000,47936545,36595,206,3,801,2,1
full,400,5,800000,0,39,0,7870,800000,45125687,34250,221,3,797,2,1
full,400,6,800000,0,61,0,18880,800000,47425185,35159,215,4,811,1,1
full,400,1,1600000,0,45,0,10205,1600000,92618019,70282,446,6,1675,5,1
full,400,2,1600000,0,47,0,12430,1600000,92646882,73808,485,5,1720,5,1
full,400,3,1600000,0,49,0,12805,1600000,87412655,67817,444,7,1635,3,1
full,400,4,1600000,0,45,0,11095,1600000,96655164,73461,443,6,1660,5,1
full,400,5,1600000,0,38,0,7715,1600000,90777012,67566,440,7,1611,4,1
full,400,6,1600000,0,55,0,15655,1600000,96067780,71229,447,8,1659,3,1
no-escape,400,1,25000,0,80,0,37670,25000,1152646,908,0,0,0,0,1
no-escape,400,2,25000,0,100,0,54875,25000,1201645,1038,0,0,0,0,1
no-escape,400,3,25000,0,107,0,58645,25000,1163328,1039,0,0,0,0,1
no-escape,400,4,25000,0,101,0,59565,25000,1263433,954,0,0,0,0,1
no-escape,400,5,25000,0,97,0,49855,25000,1179144,907,0,0,0,0,1
no-escape,400,6,25000,0,112,0,61060,25000,1220752,890,0,0,0,0,1
no-escape,400,1,50000,0,54,0,17195,50000,2442318,1962,0,0,0,0,1
no-escape,400,2,50000,0,69,0,25640,50000,2557459,2019,0,0,0,0,1
no-escape,400,3,50000,0,65,0,22690,50000,2434440,1934,0,0,0,0,1
no-escape,400,4,50000,0,61,0,20030,50000,2679194,2090,0,0,0,0,1
no-escape,400,5,50000,0,61,0,17000,50000,2474609,1898,0,0,0,0,1
no-escape,400,6,50000,0,69,0,26450,50000,2581948,2075,0,0,0,0,1
no-escape,400,1,100000,0,41,0,10205,100000,5134284,4342,0,0,0,0,1
no-escape,400,2,100000,0,58,0,16820,100000,5410161,4493,0,0,0,0,1
no-escape,400,3,100000,0,57,0,14350,100000,5045884,4004,0,0,0,0,1
no-escape,400,4,100000,0,51,0,12850,100000,5619967,4320,0,0,0,0,1
no-escape,400,5,100000,0,37,0,10055,100000,5075971,3731,0,0,0,0,1
no-escape,400,6,100000,0,61,0,18175,100000,5502920,4249,0,0,0,0,1
no-escape,400,1,200000,0,29,0,6775,200000,10478271,8307,0,0,0,0,1
no-escape,400,2,200000,0,50,0,12340,200000,11324737,9479,0,0,0,0,1
no-escape,400,3,200000,0,43,0,9845,200000,10441834,7993,0,0,0,0,1
no-escape,400,4,200000,0,46,0,10715,200000,11545395,8144,0,0,0,0,1
no-escape,400,5,200000,0,33,0,7655,200000,10515488,8104,0,0,0,0,1
no-escape,400,6,200000,0,49,0,13730,200000,11367363,8049,0,0,0,0,1
no-escape,400,1,400000,0,27,0,4990,400000,21237376,16467,0,0,0,0,1
no-escape,400,2,400000,0,36,0,6705,400000,22936102,18396,0,0,0,0,1
no-escape,400,3,400000,0,41,0,8830,400000,21277716,16794,0,0,0,0,1
no-escape,400,4,400000,0,41,0,9890,400000,23183875,17241,0,0,0,0,1
no-escape,400,5,400000,0,32,0,5570,400000,22074344,16366,0,0,0,0,1
no-escape,400,6,400000,0,45,0,12375,400000,23101671,16221,0,0,0,0,1
no-escape,400,1,800000,0,25,0,4850,800000,43019495,33426,0,0,0,0,1
no-escape,400,2,800000,0,34,0,5795,800000,46487273,36171,0,0,0,0,1
no-escape,400,3,800000,0,37,0,7775,800000,42419164,32539,0,0,0,0,1
no-escape,400,4,800000,0,37,0,8725,800000,46626769,33279,0,0,0,0,1
no-escape,400,5,800000,0,25,0,4530,800000,45427464,31762,0,0,0,0,1
no-escape,400,6,800000,0,43,0,12095,800000,46434717,32009,0,0,0,0,1
no-escape,400,1,1600000,0,24,0,3680,1600000,86590756,65212,0,0,0,0,1
no-escape,400,2,1600000,0,32,0,5515,1600000,94311629,73413,0,0,0,0,1
no-escape,400,3,1600000,0,34,0,7025,1600000,84677035,65460,0,0,0,0,1
no-escape,400,4,1600000,0,32,0,6785,1600000,93531448,67783,0,0,0,0,1
no-escape,400,5,1600000,0,24,0,4475,1600000,92542277,66416,0,0,0,0,1
no-escape,400,6,1600000,0,40,0,11750,1600000,94085834,64487,0,0,0,0,1
hill-climbing,400,1,25000,0,69,0,20210,25000,1130203,839,0,0,12,0,1
hill-climbing,400,2,25000,0,85,0,38405,25000,1213054,883,2,0,15,0,1
hill-climbing,400,3,25000,0,91,0,42740,25000,1142636,849,0,0,11,0,1
hill-climbing,400,4,25000,0,88,0,41585,25000,1221834,905,0,0,13,0,1
hill-climbing,400,5,25000,0,59,0,18485,25000,1167982,918,0,0,11,0,1
hill-climbing,400,6,25000,0,73,0,26815,25000,1196452,910,1,0,10,0,1
hill-climbing,400,1,50000,0,57,0,14125,50000,2488579,1982,4,0,33,0,1
hill-climbing,400,2,50000,0,64,0,21355,50000,2631044,1951,6,0,39,0,1
hill-climbing,400,3,50000,0,86,0,38545,50000,2515260,1988,8,0,40,0,1
hill-climbing,400,4,50000,0,78,0,31190,50000,2731783,2042,5,0,39,0,1
hill-climbing,400,5,50000,0,58,0,17795,50000,2565967,1909,9,0,41,0,1
hill-climbing,400,6,50000,0,62,0,20795,50000,2656737,1905,8,0,37,0,1
hill-climbing,400,1,100000,0,47,0,9095,100000,5314444,3840,19,0,90,0,1
hill-climbing,400,2,100000,0,63,0,21070,100000,5588400,4419,25,0,101,0,1
hill-climbing,400,3,100000,0,86,0,38545,100000,5355463,4076,29,0,103,0,1
hill-climbing,400,4,100000,0,74,0,27665,100000,5741590,4539,22,0,99,0,1
hill-climbing,400,5,100000,0,58,0,17795,100000,5449390,4288,29,0,102,0,1
hill-climbing,400,6,100000,0,62,0,20795,100000,5671466,4071,28,0,101,0,1
hill-climbing,400,1,200000,0,46,0,8850,200000,11132065,8163,59,0,214,0,1
hill-climbing,400,2,200000,0,63,0,21070,200000,11433223,8788,55,1,208,0,1
hill-climbing,400,3,200000,0,81,0,29630,200000,10976840,9051,59,1,210,0,1
hill-climbing,400,4,200000,0,74,0,27665,200000,11883857,8924,54,1,206,0,1
hill-climbing,400,5,200000,0,58,0,17795,200000,11211354,8440,56,1,207,0,1
hill-climbing,400,6,200000,0,62,0,20795,200000,11754184,8584,56,1,202,0,1
hill-climbing,400,1,400000,0,46,0,8850,400000,22600674,16807,124,2,435,0,1
hill-climbing,400,2,400000,0,53,0,15410,400000,23140335,18447,129,1,451,0,1
hill-climbing,400,3,400000,0,81,0,29630,400000,22208098,17363,119,3,425,0,1
hill-climbing,400,4,400000,0,70,0,24950,400000,24157235,18683,123,1,445,1,1
hill-climbing,400,5,400000,0,57,0,17570,400000,22830156,16838,124,2,442,1,1
hill-climbing,400,6,400000,0,62,0,20795,400000,24036503,17745,123,3,437,0,1
hill-climbing,400,1,800000,0,46,0,8850,800000,45745502,35737,245,5,874,0,1
hill-climbing,400,2,800000,0,45,0,12680,800000,46803407,37665,249,3,894,1,1
hill-climbing,400,3,800000,0,68,0,24920,800000,44811698,35752,239,6,849,0,1
hill-climbing,400,4,800000,0,71,0,24430,800000,48649543,38787,248,3,892,2,1
hill-climbing,400,5,800000,0,57,0,17165,800000,45910599,34532,246,4,881,1,1
hill-climbing,400,6,800000,0,62,0,20795,800000,48602783,34957,249,6,873,0,1
hill-climbing,400,1,1600000,0,43,0,7495,1600000,91759261,71163,500,9,1773,2,1
hill-climbing,400,2,1600000,0,45,0,11965,1600000,93881134,75755,508,8,1791,3,1
hill-climbing,400,3,1600000,0,54,0,14480,1600000,89897645,72279,499,10,1751,1,1
hill-climbing,400,4,1600000,0,71,0,24430,1600000,97423653,75394,509,7,1800,5,1
hill-climbing,400,5,1600000,0,43,0,10190,1600000,92242312,69288,503,9,1769,2,1
hill-climbing,400,6,1600000,0,62,0,20795,1600000,97831722,71003,512,12,1767,0,1
full,1600,1,25000,0,666,0,3052930,25000,1359320,1281,0,0,17,0,1
full,1600,2,25000,0,570,0,1788950,25000,1166767,1347,0,0,10,0,1
full,1600,3,25000,0,599,0,2241965,25000,1205112,1259,0,0,10,0,1
full,1600,4,25000,0,603,0,2251790,25000,1213939,1285,0,0,7,0,1
full,1600,5,25000,0,560,0,2003750,25000,1221650,1526,0,0,9,0,1
full,1600,6,25000,0,664,0,2677900,25000,1253295,1297,0,0,11,0,1
full,1600,1,50000,0,405,0,1027080,50000,2609310,2670,0,0,19,0,1
full,1600,2,50000,0,355,0,704245,50000,2401528,2654,0,0,16,0,1
full,1600,3,50000,0,384,0,926230,50000,2497276,2616,0,0,13,0,1
full,1600,4,50000,0,390,0,923625,50000,2507852,2591,0,0,9,0,1
full,1600,5,50000,0,382,0,839505,50000,2510243,2733,0,0,12,0,1
full,1600,6,50000,0,454,0,1162880,50000,2539101,2924,0,0,16,0,1
full,1600,1,100000,0,259,0,345205,100000,5257375,5182,0,0,34,0,1
full,1600,2,100000,0,202,0,198610,100000,4875099,5197,0,0,26,0,1
full,1600,3,100000,0,257,0,328485,100000,5168832,5453,0,0,31,0,1
full,1600,4,100000,0,275,0,347245,100000,5168968,5262,0,0,25,0,1
full,1600,5,100000,0,237,0,302095,100000,5097616,5518,0,0,30,0,1
full,1600,6,100000,0,299,0,435335,100000,5190124,5928,0,0,31,0,1
full,1600,1,200000,0,157,0,121975,200000,10747655,10590,5,0,111,0,1
full,1600,2,200000,0,120,0,64105,200000,10082509,10510,11,0,104,0,1
full,1600,3,200000,0,171,0,146510,200000,10585134,11172,10,0,106,0,1
full,1600,4,200000,0,157,0,121645,200000,10516059,10631,4,0,94,0,1
full,1600,5,200000,0,164,0,132955,200000,10400072,10767,4,0,108,0,1
full,1600,6,200000,0,196,0,178060,200000,10565085,11644,3,0,96,0,1
full,1600,1,400000,0,155,0,116480,400000,22151074,22464,46,1,261,0,1
full,1600,2,400000,0,120,0,64105,400000,20541080,21175,44,1,251,0,1
full,1600,3,400000,0,171,0,146510,400000,21914338,22973,39,1,238,0,1
full,1600,4,400000,0,156,0,116755,400000,21804616,22095,42,1,243,0,1
full,1600,5,400000,0,156,0,119395,400000,21126414,22778,44,1,261,0,1
full,1600,6,400000,0,195,0,175040,400000,21672722,22565,40,1,250,0,1
full,1600,1,800000,0,121,0,66370,800000,45600276,45822,118,2,600,1,1
full,1600,2,800000,0,119,0,63520,800000,41549474,43547,125,3,585,2,1
full,1600,3,800000,0,154,0,130505,800000,44209566,46591,127,3,593,1,1
full,1600,4,800000,0,153,0,112340,800000,44010936,45459,117,2,579,2,1
full,1600,5,800000,0,143,0,99890,800000,42422004,45564,106,2,576,2,1
full,1600,6,800000,0,188,0,166360,800000,44118499,44674,117,2,592,2,1
full,1600,1,1600000,0,113,0,60220,1600000,91093368,90346,227,5,1169,4,1
full,1600,2,1600000,0,111,0,54720,1600000,82994000,87661,241,5,1155,5,1
full,1600,3,1600000,0,137,0,94510,1600000,88730607,91476,250,6,1167,3,1
full,1600,4,1600000,0,145,0,101725,1600000,88425205,89275,242,5,1183,5,1
full,1600,5,1600000,0,137,0,91870,1600000,85589774,91116,235,5,1151,5,1
full,1600,6,1600000,0,181,0,150695,1600000,88613869,90509,230,5,1156,5,1
no-escape,1600,1,25000,0,627,0,2698735,25000,1268921,1155,0,0,0,0,1
no-escape,1600,2,25000,0,518,0,1812475,25000,1149865,1246,0,0,0,0,1
no-escape,1600,3,25000,0,629,0,2367895,25000,1221140,1416,0,0,0,0,1
no-escape,1600,4,25000,0,568,0,2032835,25000,1228773,1303,0,0,0,0,1
no-escape,1600,5,25000,0,570,0,2036680,25000,1199479,1218,0,0,0,0,1
no-escape,1600,6,25000,0,636,0,2654630,25000,1234808,1190,0,0,0,0,1
no-escape,1600,1,50000,0,414,0,1015145,50000,2554247,2606,0,0,0,0,1
no-escape,1600,2,50000,0,342,0,690290,50000,2367390,2516,0,0,0,0,1
no-escape,1600,3,50000,0,382,0,910550,50000,2519863,2631,0,0,0,0,1
no-escape,1600,4,50000,0,395,0,885775,50000,2494511,2526,0,0,0,0,1
no-escape,1600,5,50000,0,361,0,799810,50000,2473939,2582,0,0,0,0,1
no-escape,1600,6,50000,0,421,0,1093175,50000,2513237,2756,0,0,0,0,1
no-escape,1600,1,100000,0,253,0,304420,100000,5180443,5444,0,0,0,0,1
no-escape,1600,2,100000,0,191,0,196430,100000,4820914,5416,0,0,0,0,1
no-escape,1600,3,100000,0,244,0,325555,100000,5143745,5475,0,0,0,0,1
no-escape,1600,4,100000,0,240,0,300185,100000,5109960,5341,0,0,0,0,1
no-escape,1600,5,100000,0,241,0,280165,100000,5088204,5223,0,0,0,0,1
no-escape,1600,6,100000,0,295,0,429575,100000,5180808,5424,0,0,0,0,1
no-escape,1600,1,200000,0,145,0,101335,200000,10439875,10991,0,0,0,0,1
no-escape,1600,2,200000,0,111,0,55880,200000,9705830,10007,0,0,0,0,1
no-escape,1600,3,200000,0,156,0,116550,200000,10317199,10864,0,0,0,0,1
no-escape,1600,4,200000,0,159,0,132255,200000,10409186,10768,0,0,0,0,1
no-escape,1600,5,200000,0,132,0,88400,200000,10266732,10518,0,0,0,0,1
no-escape,1600,6,200000,0,176,0,156450,200000,10508142,10669,0,0,0,0,1
no-escape,1600,1,400000,0,95,0,44175,400000,21125584,21223,0,0,0,0,1
no-escape,1600,2,400000,0,89,0,36935,400000,19596442,20440,0,0,0,0,1
no-escape,1600,3,400000,0,111,0,67330,400000,20965767,21266,0,0,0,0,1
no-escape,1600,4,400000,0,127,0,83860,400000,21071110,21669,0,0,0,0,1
no-escape,1600,5,400000,0,102,0,50950,400000,20897265,21428,0,0,0,0,1
no-escape,1600,6,400000,0,146,0,107545,400000,21389115,21805,0,0,0,0,1
no-escape,1600,1,800000,0,78,0,30905,800000,42645643,42489,0,0,0,0,1
no-escape,1600,2,800000,0,74,0,27010,800000,40014185,40858,0,0,0,0,1
no-escape,1600,3,800000,0,91,0,39810,800000,42430810,43461,0,0,0,0,1
no-escape,1600,4,800000,0,95,0,47500,800000,42433401,42437,0,0,0,0,1
no-escape,1600,5,800000,0,81,0,34445,800000,42430094,43375,0,0,0,0,1
no-escape,1600,6,800000,0,122,0,74300,800000,43585912,43077,0,0,0,0,1
no-escape,1600,1,1600000,0,65,0,23565,1600000,85758585,84964,0,0,0,0,1
no-escape,1600,2,1600000,0,58,0,18145,1600000,80731811,82875,0,0,0,0,1
no-escape,1600,3,1600000,0,76,0,29920,1600000,85281536,88965,0,0,0,0,1
no-escape,1600,4,1600000,0,79,0,34365,1600000,85062616,86290,0,0,0,0,1
no-escape,1600,5,1600000,0,67,0,26420,1600000,85878725,90118,0,0,0,0,1
no-escape,1600,6,1600000,0,102,0,53195,1600000,87621474,88461,0,0,0,0,1
hill-climbing,1600,1,25000,2,366,0,690180,25000,1599416,1397,0,0,1,0,1
hill-climbing,1600,2,25000,0,253,0,311950,25000,1168849,1149,0,0,1,0,1
hill-climbing,1600,3,25000,0,308,0,512315,25000,1224509,1220,0,0,0,0,1
hill-climbing,1600,4,25000,0,359,0,650495,25000,1248804,1409,0,0,1,0,1
hill-climbing,1600,5,25000,0,312,0,493585,25000,1220056,1289,0,0,0,0,1
hill-climbing,1600,6,25000,0,416,0,871505,25000,1258615,1264,0,0,1,0,1
hill-climbing,1600,1,50000,2,282,0,396065,50000,3398220,2889,0,0,9,0,1
hill-climbing,1600,2,50000,0,205,0,202015,50000,2378677,2544,0,0,13,0,1
hill-climbing,1600,3,50000,0,251,0,320110,50000,2525991,2675,0,0,7,0,1
hill-climbing,1600,4,50000,0,308,0,466720,50000,2604198,2627,1,0,16,0,1
hill-climbing,1600,5,50000,0,261,0,350045,50000,2517067,2534,1,0,11,0,1
hill-climbing,1600,6,50000,0,342,0,621305,50000,2580917,2671,1,0,11,0,1
hill-climbing,1600,1,100000,2,266,0,349905,100000,7433394,6599,18,0,75,0,1
hill-climbing,1600,2,100000,0,183,0,158815,100000,5041229,5084,10,0,60,0,1
hill-climbing,1600,3,100000,0,210,0,224470,100000,5341907,5344,10,0,53,0,1
hill-climbing,1600,4,100000,0,284,0,374870,100000,5481126,5342,13,0,69,0,1
hill-climbing,1600,5,100000,0,209,0,222880,100000,5299591,5300,6,0,48,0,1
hill-climbing,1600,6,100000,0,303,0,474030,100000,5520669,5408,11,0,58,0,1
hill-climbing,1600,1,200000,2,232,0,294220,200000,15215889,12905,39,1,154,0,1
hill-climbing,1600,2,200000,0,169,0,134575,200000,10377012,10603,41,0,176,0,1
hill-climbing,1600,3,200000,0,210,0,224470,200000,11692677,11620,42,1,159,0,1
hill-climbing,1600,4,200000,0,284,0,374870,200000,11200629,10866,37,1,157,0,1
hill-climbing,1600,5,200000,0,209,0,222880,200000,11230431,10985,40,1,167,0,1
hill-climbing,1600,6,200000,0,303,0,474030,200000,11941342,11875,40,1,155,0,1
hill-climbing,1600,1,400000,0,178,0,172145,400000,29247402,24819,87,1,368,0,1
hill-climbing,1600,2,400000,0,169,0,134575,400000,21026699,20979,87,2,344,0,1
hill-climbing,1600,3,400000,0,207,0,216495,400000,24974863,23575,90,1,362,1,1
hill-climbing,1600,4,400000,0,238,0,267035,400000,22486666,21812,75,2,325,0,1
hill-climbing,1600,5,400000,0,209,0,222880,400000,22397443,22234,78,2,320,0,1
hill-climbing,1600,6,400000,0,298,0,427865,400000,24480398,23186,82,2,328,0,1
hill-climbing,1600,1,800000,0,171,0,161920,800000,58880109,49941,178,3,763,1,1
hill-climbing,1600,2,800000,0,169,0,134575,800000,42753825,43284,201,4,747,1,1
hill-climbing,1600,3,800000,0,206,0,215570,800000,48240313,46719,179,3,728,2,1
hill-climbing,1600,4,800000,0,201,0,180805,800000,45498214,45156,156,4,678,0,1
hill-climbing,1600,5,800000,0,208,0,221945,800000,44933805,45516,192,4,718,1,1
hill-climbing,1600,6,800000,0,265,0,382100,800000,48878173,46602,177,4,711,0,1
hill-climbing,1600,1,1600000,0,149,0,125890,1600000,111687922,99605,405,6,1610,4,1
hill-climbing,1600,2,1600000,0,162,0,119995,1600000,85954176,88460,411,7,1532,4,1
hill-climbing,1600,3,1600000,0,202,0,211265,1600000,95052800,92240,405,6,1561,6,1
hill-climbing,1600,4,1600000,0,196,0,173905,1600000,91837695,89874,373,7,1507,3,1
hill-climbing,1600,5,1600000,0,201,0,208510,1600000,92889496,92663,391,7,1500,4,1
hill-climbing,1600,6,1600000,0,261,0,359605,1600000,96331077,93713,408,7,1545,3,1
