campaign,n,instance_seed,solver_seed,order,unplaced,hard,soft,objective,clean
factors,400,1,424243,mrv,0,6,480,1196195,1
factors,400,1,424243,random,0,0,566,1629475,1
factors,400,2,424244,mrv,0,2,478,1061690,1
factors,400,2,424244,random,0,0,510,1421300,1
factors,400,3,424245,mrv,0,6,485,1154325,1
factors,400,3,424245,random,0,2,534,1473480,1
factors,400,4,424246,mrv,0,6,532,1445880,1
factors,400,4,424246,random,0,0,546,1597750,1
factors,400,5,424247,mrv,0,5,489,1144095,1
factors,400,5,424247,random,0,2,567,1638420,1
factors,400,6,424248,mrv,0,8,545,1528495,1
factors,400,6,424248,random,0,2,567,1765140,1
factors,400,7,424249,mrv,0,10,535,1437700,1
factors,400,7,424249,random,0,10,575,1763175,1
factors,400,8,424250,mrv,0,7,504,1291725,1
factors,400,8,424250,random,0,3,565,1679600,1
factors,400,9,424251,mrv,0,4,497,1321695,1
factors,400,9,424251,random,0,0,558,1813410,1
factors,400,10,424252,mrv,0,6,563,1645885,1
factors,400,10,424252,random,0,3,535,1568225,1
anchor,400,1,55056,mrv,0,4,531,1510815,1
anchor,400,2,55057,mrv,0,3,478,1139045,1
anchor,400,3,55058,mrv,0,7,486,1166245,1
anchor,400,4,55059,mrv,0,5,515,1563985,1
anchor,400,5,55060,mrv,0,4,472,1108800,1
anchor,400,6,55061,mrv,0,8,530,1478115,1
anchor,400,7,55062,mrv,0,8,514,1399705,1
anchor,400,8,55063,mrv,0,6,494,1233665,1
anchor,400,9,55064,mrv,0,2,523,1385850,1
anchor,400,10,55065,mrv,0,6,523,1444720,1
anchor,400,11,55066,mrv,0,8,516,1358350,1
anchor,400,12,55067,mrv,0,4,482,1196290,1
budget,400,1,90910,mrv,0,4,529,1479215,1
budget,400,2,90911,mrv,0,3,491,1188110,1
budget,400,3,90912,mrv,0,5,512,1328845,1
budget,400,4,90913,mrv,0,5,556,1760280,1
budget,400,5,90914,mrv,0,4,522,1304905,1
budget,400,6,90915,mrv,0,8,552,1594155,1
plateau,400,1,607,mrv,0,6,521,1432255,1
plateau,400,2,608,mrv,0,2,456,1077870,1
plateau,400,3,609,mrv,0,5,500,1267000,1
plateau,400,4,610,mrv,0,5,555,1659540,1
plateau,400,5,611,mrv,0,4,484,1187350,1
dispersion,400,1,700001,mrv,0,6,503,1389770,1
dispersion,400,1,700002,mrv,0,5,487,1236800,1
dispersion,400,1,700003,mrv,0,5,493,1270145,1
dispersion,400,1,700004,mrv,0,6,511,1331815,1
dispersion,400,1,700005,mrv,0,6,520,1352035,1
dispersion,400,1,700006,mrv,0,5,497,1230640,1
dispersion,400,1,700007,mrv,0,5,515,1408720,1
dispersion,400,1,700008,mrv,0,4,497,1310130,1
dispersion,400,1,700009,mrv,0,5,463,1081545,1
dispersion,400,1,700010,mrv,0,6,478,1202395,1
dispersion,400,1,700011,mrv,0,5,501,1364665,1
dispersion,400,1,700012,mrv,0,5,523,1371620,1
dispersion,400,1,700013,mrv,0,5,503,1395745,1
dispersion,400,1,700014,mrv,0,6,498,1301795,1
dispersion,400,1,700015,mrv,0,6,525,1378070,1
dispersion,400,1,700016,mrv,0,5,485,1220080,1
dispersion,400,1,700017,mrv,0,5,487,1303185,1
dispersion,400,1,700018,mrv,0,3,494,1326605,1
dispersion,400,1,700019,mrv,0,5,512,1419640,1
dispersion,400,1,700020,mrv,0,6,484,1201150,1
factors,1600,1,424243,mrv,0,24,1975,20669175,1
factors,1600,1,424243,random,0,17,2198,27286990,1
factors,1600,2,424244,mrv,0,20,1995,22098375,1
factors,1600,2,424244,random,0,1,2219,27203065,1
factors,1600,3,424245,mrv,0,17,1927,19851740,1
factors,1600,3,424245,random,0,5,2263,28739745,1
factors,1600,4,424246,mrv,0,19,1936,20227680,1
factors,1600,4,424246,random,0,4,2169,25400635,1
factors,1600,5,424247,mrv,0,16,1917,20165760,1
factors,1600,5,424247,random,0,1,2245,27451890,1
factors,1600,6,424248,mrv,0,21,1932,20602630,1
factors,1600,6,424248,random,0,5,2210,25560565,1
factors,1600,7,424249,mrv,0,24,1994,22098155,1
factors,1600,7,424249,random,0,11,2264,28754005,1
factors,1600,8,424250,mrv,0,18,2001,20873480,1
factors,1600,8,424250,random,0,5,2249,27568290,1
factors,1600,9,424251,mrv,0,16,1930,20132565,1
factors,1600,9,424251,random,0,4,2193,25535935,1
factors,1600,10,424252,mrv,0,18,1960,19868340,1
factors,1600,10,424252,random,0,6,2091,25107395,1
anchor,1600,1,55056,mrv,0,24,2035,22733145,1
anchor,1600,2,55057,mrv,0,17,2000,21458950,1
anchor,1600,3,55058,mrv,0,18,2012,21793020,1
anchor,1600,4,55059,mrv,0,16,1916,19748980,1
anchor,1600,5,55060,mrv,0,19,1951,20677710,1
anchor,1600,6,55061,mrv,0,26,1909,19796105,1
anchor,1600,7,55062,mrv,0,23,2021,22800000,1
anchor,1600,8,55063,mrv,0,18,2000,20101125,1
anchor,1600,9,55064,mrv,0,17,1965,20018745,1
anchor,1600,10,55065,mrv,0,16,2006,20996170,1
anchor,1600,11,55066,mrv,0,21,1964,20806755,1
anchor,1600,12,55067,mrv,0,22,1866,18689170,1
budget,1600,1,90910,mrv,0,27,2009,22145405,1
budget,1600,2,90911,mrv,0,16,1951,21270480,1
budget,1600,3,90912,mrv,0,22,1964,20696270,1
budget,1600,4,90913,mrv,0,19,1924,19226495,1
budget,1600,5,90914,mrv,0,18,1941,20855595,1
budget,1600,6,90915,mrv,0,21,1962,20695935,1
plateau,1600,1,607,mrv,0,24,1999,21254855,1
plateau,1600,2,608,mrv,0,17,2020,21928365,1
plateau,1600,3,609,mrv,0,19,1925,20103985,1
plateau,1600,4,610,mrv,0,14,1984,20495180,1
plateau,1600,5,611,mrv,0,23,1961,21348725,1
dispersion,1600,1,700001,mrv,0,23,1965,20870575,1
dispersion,1600,1,700002,mrv,0,22,1985,21453100,1
dispersion,1600,1,700003,mrv,0,24,1980,21038680,1
dispersion,1600,1,700004,mrv,0,23,1965,20714600,1
dispersion,1600,1,700005,mrv,0,26,1948,19967620,1
dispersion,1600,1,700006,mrv,0,24,1963,20569095,1
dispersion,1600,1,700007,mrv,0,22,2003,21056850,1
dispersion,1600,1,700008,mrv,0,25,1992,20521210,1
dispersion,1600,1,700009,mrv,0,23,2090,22841250,1
dispersion,1600,1,700010,mrv,0,26,2027,22193910,1
dispersion,1600,1,700011,mrv,0,22,1907,18993405,1
dispersion,1600,1,700012,mrv,0,24,2057,22334230,1
dispersion,1600,1,700013,mrv,0,23,1981,21618390,1
dispersion,1600,1,700014,mrv,0,21,1908,18980475,1
dispersion,1600,1,700015,mrv,0,23,2021,21841375,1
dispersion,1600,1,700016,mrv,0,26,1999,21242395,1
dispersion,1600,1,700017,mrv,0,23,1994,21618205,1
dispersion,1600,1,700018,mrv,0,24,1950,20562975,1
dispersion,1600,1,700019,mrv,0,21,2020,21663195,1
dispersion,1600,1,700020,mrv,0,21,1932,19801845,1
