n,budget,seed,hard,soft,unplaced,objective,candidates,work,elapsed_ms,kicks,fresh_restarts,deep_phases,adoptions,clean
400,50000,1,0,67,0,21440,50000,2543888,2059,1,0,22,0,1
400,50000,2,0,61,0,19880,50000,2511740,1952,1,0,18,0,1
400,50000,3,0,58,0,15830,50000,2561050,1876,1,0,20,0,1
400,50000,4,0,54,0,16130,50000,2506000,1868,0,0,23,0,1
400,50000,5,0,64,0,19795,50000,2534324,1939,0,0,23,0,1
400,50000,6,0,60,0,17785,50000,2528207,2005,0,0,18,0,1
400,50000,7,0,65,0,22495,50000,2543912,2137,2,0,24,0,1
400,50000,8,0,52,0,15970,50000,2487481,1902,1,0,29,0,1
400,50000,9,0,68,0,22130,50000,2606718,1987,2,0,22,0,1
400,50000,10,0,54,0,16225,50000,2524996,1883,0,0,25,0,1
400,50000,11,0,65,0,20270,50000,2488264,1917,0,0,20,0,1
400,50000,12,0,61,0,18175,50000,2539039,2013,0,0,25,0,1
400,50000,13,0,52,0,15195,50000,2435893,1849,0,0,22,0,1
400,50000,14,0,60,0,17120,50000,2507880,1906,2,0,25,0,1
400,50000,15,0,58,0,18320,50000,2498419,1885,1,0,23,0,1
400,50000,16,0,59,0,20030,50000,2530267,1870,1,0,25,0,1
400,50000,17,0,65,0,21500,50000,2474372,1891,0,0,25,0,1
400,50000,18,0,63,0,19645,50000,2507473,1979,0,0,28,0,1
400,50000,19,0,66,0,24785,50000,2502565,1915,0,0,25,0,1
400,50000,20,0,60,0,20075,50000,2543171,1886,1,0,29,0,1
400,200000,1,0,49,0,11725,200000,11316587,8618,44,1,180,0,1
400,200000,2,0,56,0,15430,200000,11068613,8394,43,1,173,0,1
400,200000,3,0,47,0,11285,200000,11137342,8626,43,1,175,0,1
400,200000,4,0,40,0,7820,200000,11099555,8325,49,0,201,0,1
400,200000,5,0,52,0,15020,200000,11139268,8560,43,1,174,0,1
400,200000,6,0,47,0,10720,200000,11048616,8359,52,0,194,0,1
400,200000,7,0,56,0,15430,200000,11196894,8443,44,1,171,0,1
400,200000,8,0,45,0,10750,200000,10956907,8679,40,1,174,0,1
400,200000,9,0,52,0,13025,200000,11306911,8641,44,1,176,0,1
400,200000,10,0,53,0,12175,200000,11161429,8619,41,1,169,0,1
400,200000,11,0,55,0,15645,200000,11083393,8460,40,1,168,0,1
400,200000,12,0,56,0,14105,200000,10969445,8189,38,1,169,0,1
400,200000,13,0,50,0,14050,200000,10854338,8241,40,1,173,0,1
400,200000,14,0,42,0,10710,200000,11003589,8228,43,1,175,0,1
400,200000,15,0,47,0,12565,200000,10819895,8439,42,1,173,0,1
400,200000,16,0,43,0,9920,200000,11154132,8581,43,1,184,0,1
400,200000,17,0,55,0,16000,200000,10731953,8527,42,1,167,0,1
400,200000,18,0,54,0,14930,200000,11161117,8374,41,1,178,0,1
400,200000,19,0,58,0,16145,200000,11012322,8616,44,1,182,0,1
400,200000,20,0,58,0,17980,200000,11021040,8364,41,1,178,0,1
400,800000,1,0,47,0,10580,800000,45789648,34929,220,3,816,2,1
400,800000,2,0,47,0,9740,800000,45224895,33854,200,4,776,0,1
400,800000,3,0,46,0,9410,800000,45461206,34813,213,3,800,2,1
400,800000,4,0,36,0,6530,800000,45614099,34020,232,3,851,2,1
400,800000,5,0,46,0,9670,800000,45930233,34666,215,3,807,2,1
400,800000,6,0,42,0,8870,800000,45376054,33855,220,3,810,2,1
400,800000,7,0,45,0,11950,800000,45997853,34972,230,3,827,2,1
400,800000,8,0,35,0,6725,800000,44396556,33373,239,2,859,1,1
400,800000,9,0,45,0,10300,800000,45843889,34562,215,4,784,1,1
400,800000,10,0,41,0,9295,800000,45945420,34573,215,3,814,2,1
400,800000,11,0,48,0,12105,800000,44808555,34991,225,3,815,2,1
400,800000,12,0,48,0,9580,800000,45519124,34946,202,4,790,1,1
400,800000,13,0,39,0,9280,800000,45017589,34215,206,4,778,1,1
400,800000,14,0,42,0,10710,800000,45225986,34437,222,3,822,2,1
400,800000,15,0,48,0,10595,800000,44363081,34411,205,4,782,1,1
400,800000,16,0,43,0,9655,800000,45482062,34328,211,3,804,2,1
400,800000,17,0,42,0,9395,800000,45222829,34224,209,4,782,1,1
400,800000,18,0,47,0,11900,800000,45293451,35067,203,4,787,1,1
400,800000,19,0,43,0,8860,800000,44598049,34453,219,3,812,1,1
400,800000,20,0,48,0,10595,800000,45055779,34546,201,4,781,0,1
1600,50000,1,0,416,0,946630,50000,2590276,2533,0,0,14,0,1
1600,50000,2,0,390,0,935830,50000,2548390,2533,0,0,12,0,1
1600,50000,3,0,374,0,880955,50000,2543696,2497,0,0,16,0,1
1600,50000,4,2,417,0,972695,50000,3033909,2807,0,0,21,0,1
1600,50000,5,0,423,0,967685,50000,2554934,2510,0,0,14,0,1
1600,50000,6,0,415,0,962110,50000,2565353,2713,0,0,11,0,1
1600,50000,7,0,422,0,966920,50000,2578741,2568,0,0,20,0,1
1600,50000,8,0,434,0,1236640,50000,2693968,2528,0,0,25,0,1
1600,50000,9,0,412,0,944715,50000,2530496,2436,0,0,16,0,1
1600,50000,10,0,442,0,1138795,50000,2567326,2606,0,0,13,0,1
1600,50000,11,0,424,0,991315,50000,2599236,2615,0,0,13,0,1
1600,50000,12,0,403,0,985215,50000,2559390,2541,0,0,16,0,1
1600,50000,13,0,390,0,894115,50000,2534105,2587,0,0,16,0,1
1600,50000,14,0,413,0,912845,50000,2586467,2491,0,0,16,0,1
1600,50000,15,0,396,0,921590,50000,2543516,2488,0,0,12,0,1
1600,50000,16,0,381,0,885980,50000,2551558,2652,0,0,17,0,1
1600,50000,17,0,396,0,933905,50000,2534037,2482,0,0,15,0,1
1600,50000,18,0,417,0,995980,50000,2579536,2781,0,0,17,0,1
1600,50000,19,0,401,0,868085,50000,2518177,2520,0,0,11,0,1
1600,50000,20,0,394,0,924835,50000,2556710,2532,0,0,11,0,1
1600,200000,1,0,144,0,102230,200000,10547210,11125,11,0,104,0,1
1600,200000,2,0,137,0,100495,200000,10784901,10522,11,0,102,0,1
1600,200000,3,0,148,0,103315,200000,10558027,10950,11,0,110,0,1
1600,200000,4,0,155,0,113165,200000,11283026,10905,15,0,105,0,1
1600,200000,5,0,144,0,100585,200000,10649445,10958,6,0,101,0,1
1600,200000,6,0,149,0,98600,200000,10531870,10852,5,0,100,0,1
1600,200000,7,0,153,0,118270,200000,10732299,10894,11,0,110,0,1
1600,200000,8,0,143,0,98765,200000,10725367,11264,9,0,105,0,1
1600,200000,9,0,170,0,146950,200000,10780013,10918,24,0,128,0,1
1600,200000,10,0,150,0,108745,200000,10676448,11012,3,0,103,0,1
1600,200000,11,0,137,0,88445,200000,10638877,11056,5,0,89,0,1
1600,200000,12,0,132,0,88150,200000,10689010,10554,6,0,99,0,1
1600,200000,13,0,142,0,92530,200000,10597040,10682,9,0,107,0,1
1600,200000,14,0,138,0,101545,200000,10656692,10644,4,0,102,0,1
1600,200000,15,0,167,0,134510,200000,10795064,10886,17,0,123,0,1
1600,200000,16,0,155,0,104885,200000,10667060,10980,14,0,118,0,1
1600,200000,17,0,146,0,109830,200000,10619259,10698,11,0,111,0,1
1600,200000,18,0,167,0,152725,200000,10841273,10851,18,0,116,0,1
1600,200000,19,0,148,0,112475,200000,10625973,11295,5,0,101,0,1
1600,200000,20,0,134,0,88025,200000,10577077,10673,6,0,83,0,1
1600,800000,1,0,142,0,90115,800000,44208001,45117,116,2,575,1,1
1600,800000,2,0,134,0,96500,800000,45183111,45463,119,3,576,2,1
1600,800000,3,0,124,0,71830,800000,44909432,43838,118,2,578,0,1
1600,800000,4,0,140,0,95200,800000,44876738,44851,114,2,581,1,1
1600,800000,5,0,126,0,77075,800000,44414158,44549,100,2,575,1,1
1600,800000,6,0,124,0,68915,800000,45293746,45600,113,2,583,1,1
1600,800000,7,0,144,0,99460,800000,44940374,44908,121,2,611,0,1
1600,800000,8,0,133,0,92365,800000,44963780,45173,110,2,567,2,1
1600,800000,9,0,122,0,72995,800000,44735090,44778,117,2,588,2,1
1600,800000,10,0,135,0,82820,800000,45303081,44747,105,2,584,2,1
1600,800000,11,0,131,0,79895,800000,44879158,45503,116,2,566,2,1
1600,800000,12,0,124,0,81560,800000,46045581,45354,109,2,591,2,1
1600,800000,13,0,131,0,82375,800000,44596819,43855,112,2,582,1,1
1600,800000,14,0,115,0,68695,800000,48895481,46440,116,2,625,1,1
1600,800000,15,0,115,0,62375,800000,44774864,44233,116,2,584,1,1
1600,800000,16,0,114,0,64505,800000,44914513,44622,109,2,563,1,1
1600,800000,17,0,136,0,91235,800000,44475403,43961,110,2,575,2,1
1600,800000,18,0,135,0,88925,800000,45015712,45046,110,2,573,1,1
1600,800000,19,0,129,0,83070,800000,44401793,45197,102,2,570,2,1
1600,800000,20,0,125,0,78925,800000,45463765,44801,121,2,583,2,1
