factor,level,n,seed,hard,soft,unplaced,objective,candidates,work,elapsed_ms,kicks,fresh_restarts,deep_phases,adoptions,clean
acceptance,lahc,400,1,0,48,0,12870,200000,11178809,8343,46,1,191,0,1
acceptance,lahc,400,2,0,67,0,18590,200000,11012691,8719,41,1,170,0,1
acceptance,lahc,400,3,0,52,0,12530,200000,10786475,8899,44,1,186,0,1
acceptance,lahc,400,4,0,65,0,25495,200000,11830308,8771,40,1,167,0,1
acceptance,lahc,400,5,0,56,0,15330,200000,11108125,8768,42,1,166,0,1
acceptance,lahc,400,6,0,62,0,18155,200000,11490605,8595,40,1,171,0,1
acceptance,lahc,400,7,0,78,0,33620,200000,12357371,8608,41,1,174,0,1
acceptance,lahc,400,8,0,42,0,8395,200000,11033510,8241,49,1,194,0,1
acceptance,lahc,400,9,0,47,0,11140,200000,11644837,8558,51,0,198,0,1
acceptance,lahc,400,10,0,72,0,28710,200000,11478053,9324,41,1,170,0,1
acceptance,lahc,1600,1,0,149,0,116285,200000,10692431,10617,15,0,119,0,1
acceptance,lahc,1600,2,0,132,0,78875,200000,10099512,10793,17,0,116,0,1
acceptance,lahc,1600,3,0,143,0,114880,200000,10606944,11395,17,0,113,0,1
acceptance,lahc,1600,4,0,172,0,135795,200000,10732342,11363,12,0,108,0,1
acceptance,lahc,1600,5,0,151,0,97655,200000,10404240,11191,2,0,98,0,1
acceptance,lahc,1600,6,0,192,0,185810,200000,10600911,11172,8,0,104,0,1
acceptance,lahc,1600,7,0,132,0,75595,200000,10245314,10212,4,0,99,0,1
acceptance,lahc,1600,8,0,152,0,116555,200000,10262348,10866,9,0,111,0,1
acceptance,lahc,1600,9,0,162,0,126145,200000,10582696,11230,4,0,93,0,1
acceptance,lahc,1600,10,0,206,0,202630,200000,11013720,10908,4,0,107,0,1
acceptance,lahc-canonical,400,1,0,62,0,19865,200000,10926559,8412,39,1,189,0,1
acceptance,lahc-canonical,400,2,0,51,0,12780,200000,11051213,8803,31,1,166,0,1
acceptance,lahc-canonical,400,3,0,68,0,23515,200000,10818487,8572,38,1,183,0,1
acceptance,lahc-canonical,400,4,0,56,0,18520,200000,11960460,8783,31,1,170,0,1
acceptance,lahc-canonical,400,5,0,62,0,19510,200000,11008418,8551,32,1,176,0,1
acceptance,lahc-canonical,400,6,0,61,0,18340,200000,11489643,8438,28,1,165,0,1
acceptance,lahc-canonical,400,7,0,83,0,36520,200000,11929174,8219,23,1,180,0,1
acceptance,lahc-canonical,400,8,0,46,0,11080,200000,10748828,8323,29,1,172,0,1
acceptance,lahc-canonical,400,9,0,49,0,14270,200000,11574650,8703,33,1,180,0,1
acceptance,lahc-canonical,400,10,0,60,0,23345,200000,11559867,8582,27,1,180,0,1
acceptance,lahc-canonical,1600,1,0,157,0,115250,200000,10810031,10713,14,0,133,0,1
acceptance,lahc-canonical,1600,2,0,139,0,89405,200000,10089958,10839,15,0,128,0,1
acceptance,lahc-canonical,1600,3,0,152,0,124870,200000,10687813,10542,14,0,125,0,1
acceptance,lahc-canonical,1600,4,0,192,0,171225,200000,10954622,11204,20,0,139,0,1
acceptance,lahc-canonical,1600,5,0,189,0,169340,200000,10540648,11221,17,0,128,0,1
acceptance,lahc-canonical,1600,6,0,230,0,249025,200000,10621124,10602,12,0,128,0,1
acceptance,lahc-canonical,1600,7,0,227,0,238285,200000,10442263,10786,15,0,150,0,1
acceptance,lahc-canonical,1600,8,0,134,0,90440,200000,10399320,10852,14,0,123,0,1
acceptance,lahc-canonical,1600,9,0,231,0,273620,200000,10896964,11261,23,1,139,0,1
acceptance,lahc-canonical,1600,10,0,197,0,182930,200000,11019383,11343,15,0,124,0,1
acceptance,dlas,400,1,0,202,0,257795,200000,8878282,8128,0,0,223,0,1
acceptance,dlas,400,2,0,198,0,223100,200000,9757751,9087,0,0,224,0,1
acceptance,dlas,400,3,0,213,0,288110,200000,9254941,8333,0,0,231,0,1
acceptance,dlas,400,4,0,225,0,324215,200000,9309022,8415,0,0,220,0,1
acceptance,dlas,400,5,0,192,0,226865,200000,9642592,8046,0,0,222,0,1
acceptance,dlas,400,6,0,206,0,278065,200000,9124939,7568,0,0,231,0,1
acceptance,dlas,400,7,1,238,0,410035,200000,10580048,7610,0,0,237,0,1
acceptance,dlas,400,8,0,189,0,247570,200000,8300002,7446,0,0,219,0,1
acceptance,dlas,400,9,0,187,0,249695,200000,9498235,8139,0,0,218,0,1
acceptance,dlas,400,10,0,215,0,344270,200000,9948228,8014,0,0,237,0,1
acceptance,dlas,1600,1,22,983,0,7236355,200000,8972075,9687,0,0,238,0,1
acceptance,dlas,1600,2,15,850,0,5248925,200000,7979911,9357,0,0,231,0,1
acceptance,dlas,1600,3,10,998,0,8216340,200000,9015564,10637,0,0,236,0,1
acceptance,dlas,1600,4,14,1029,0,7952420,200000,8971570,9876,0,0,239,0,1
acceptance,dlas,1600,5,12,1008,0,7403755,200000,8569723,9676,0,0,233,0,1
acceptance,dlas,1600,6,15,1058,0,8030210,200000,8745785,9465,0,0,235,0,1
acceptance,dlas,1600,7,16,992,0,7041880,200000,8557496,9427,0,0,238,0,1
acceptance,dlas,1600,8,15,947,0,5991565,200000,8777084,9441,0,0,236,0,1
acceptance,dlas,1600,9,11,1054,0,7828350,200000,8104793,9845,0,0,226,0,1
acceptance,dlas,1600,10,15,1020,0,7270685,200000,8903178,9698,0,0,235,0,1
acceptance,schc,400,1,0,58,0,15170,200000,10879562,8667,32,0,205,0,1
acceptance,schc,400,2,0,60,0,18820,200000,10952674,8682,29,0,197,0,1
acceptance,schc,400,3,0,66,0,20630,200000,10787394,8644,29,0,185,0,1
acceptance,schc,400,4,0,58,0,16145,200000,11856244,8912,26,0,187,0,1
acceptance,schc,400,5,0,72,0,25570,200000,11084632,8502,34,0,202,0,1
acceptance,schc,400,6,0,67,0,20375,200000,11451639,8496,32,0,191,0,1
acceptance,schc,400,7,0,85,0,38350,200000,11872431,8511,16,0,192,0,1
acceptance,schc,400,8,0,39,0,7490,200000,10868622,8634,20,0,198,0,1
acceptance,schc,400,9,0,50,0,13915,200000,11758614,8591,32,0,190,0,1
acceptance,schc,400,10,0,78,0,33795,200000,11646939,8917,36,0,211,0,1
acceptance,schc,1600,1,0,397,0,943325,200000,10265635,10387,2,0,174,0,1
acceptance,schc,1600,2,0,307,0,538285,200000,9781878,10473,0,0,154,0,1
acceptance,schc,1600,3,0,366,0,737545,200000,10236587,10798,2,0,161,0,1
acceptance,schc,1600,4,0,377,0,866055,200000,10296792,10655,0,0,177,0,1
acceptance,schc,1600,5,0,369,0,753095,200000,10153529,10801,0,0,151,0,1
acceptance,schc,1600,6,0,424,0,1046050,200000,10326733,11320,1,0,165,0,1
acceptance,schc,1600,7,0,342,0,663920,200000,9887710,10260,2,0,168,0,1
acceptance,schc,1600,8,0,393,0,864670,200000,9912183,10536,1,0,169,0,1
acceptance,schc,1600,9,0,401,0,936370,200000,10277978,11563,2,0,162,0,1
acceptance,schc,1600,10,0,387,0,912445,200000,10678098,11467,1,0,165,0,1
acceptance,sa,400,1,0,62,0,18625,200000,11117305,8536,50,1,212,0,1
acceptance,sa,400,2,0,61,0,18175,200000,11265215,8995,57,1,207,0,1
acceptance,sa,400,3,0,74,0,26780,200000,11070520,8654,57,1,212,0,1
acceptance,sa,400,4,0,64,0,22945,200000,12193332,9087,52,1,204,0,1
acceptance,sa,400,5,0,60,0,19430,200000,11154031,8139,51,1,204,0,1
acceptance,sa,400,6,0,65,0,20245,200000,11747989,8614,53,1,212,0,1
acceptance,sa,400,7,0,85,0,43325,200000,12749651,8372,56,1,214,0,1
acceptance,sa,400,8,0,46,0,10390,200000,10865655,8115,44,1,203,0,1
acceptance,sa,400,9,0,46,0,15580,200000,11652203,9008,46,1,197,0,1
acceptance,sa,400,10,0,81,0,35330,200000,12122546,8774,58,1,216,0,1
acceptance,sa,1600,1,0,193,0,173100,200000,11009768,11139,33,0,192,0,1
acceptance,sa,1600,2,0,143,0,98365,200000,10004433,10813,16,0,171,0,1
acceptance,sa,1600,3,0,181,0,181655,200000,10464152,10955,7,0,167,0,1
acceptance,sa,1600,4,0,207,0,215255,200000,11201421,11667,35,0,201,0,1
acceptance,sa,1600,5,0,207,0,206370,200000,10818600,11365,39,1,194,0,1
acceptance,sa,1600,6,0,242,0,295910,200000,10996614,11421,37,0,185,0,1
acceptance,sa,1600,7,0,172,0,151985,200000,10905564,10939,43,1,192,0,1
acceptance,sa,1600,8,0,173,0,148485,200000,10920626,11383,32,0,188,0,1
acceptance,sa,1600,9,0,191,0,168575,200000,10831332,11070,34,0,182,0,1
acceptance,sa,1600,10,0,226,0,236680,200000,11298290,11535,39,1,192,0,1
acceptance,hill-climbing,400,1,0,55,0,15645,200000,11234885,8481,54,1,206,0,1
acceptance,hill-climbing,400,2,0,61,0,17490,200000,11442543,8919,59,1,208,0,1
acceptance,hill-climbing,400,3,0,65,0,22690,200000,10913522,8556,49,1,195,0,1
acceptance,hill-climbing,400,4,0,81,0,36455,200000,12280137,9161,61,1,209,0,1
acceptance,hill-climbing,400,5,0,56,0,15625,200000,11190453,8344,54,1,202,0,1
acceptance,hill-climbing,400,6,0,73,0,29015,200000,11708141,8638,59,1,212,0,1
acceptance,hill-climbing,400,7,0,92,0,42465,200000,14201137,9035,69,0,235,0,1
acceptance,hill-climbing,400,8,0,50,0,11570,200000,10810423,7964,50,1,198,0,1
acceptance,hill-climbing,400,9,0,56,0,18705,200000,11841333,8570,47,1,190,0,1
acceptance,hill-climbing,400,10,0,66,0,28705,200000,12085870,8898,55,1,210,0,1
acceptance,hill-climbing,1600,1,0,222,0,226870,200000,14553498,11892,39,0,172,0,1
acceptance,hill-climbing,1600,2,0,207,0,192940,200000,10684752,10251,39,1,156,0,1
acceptance,hill-climbing,1600,3,0,273,0,367415,200000,11080695,11016,38,1,156,0,1
acceptance,hill-climbing,1600,4,0,201,0,203200,200000,11129593,10526,41,1,173,0,1
acceptance,hill-climbing,1600,5,0,264,0,347090,200000,11043416,10906,39,1,151,0,1
acceptance,hill-climbing,1600,6,0,321,0,526135,200000,11450257,11267,40,1,165,0,1
acceptance,hill-climbing,1600,7,0,240,0,275120,200000,10938231,10416,39,1,153,0,1
acceptance,hill-climbing,1600,8,0,216,0,220760,200000,12493468,11436,38,0,167,0,1
acceptance,hill-climbing,1600,9,0,286,0,373755,200000,11237583,11576,40,1,157,0,1
acceptance,hill-climbing,1600,10,0,264,0,371430,200000,11791881,11121,37,1,161,0,1
history-length,10,400,1,0,68,0,22595,200000,11257531,8495,62,1,209,0,1
history-length,10,400,2,0,69,0,23230,200000,11263086,8795,57,1,204,0,1
history-length,10,400,3,0,67,0,22205,200000,10811192,8138,50,1,197,0,1
history-length,10,400,4,0,66,0,26630,200000,12237979,9402,46,1,192,0,1
history-length,10,400,5,0,55,0,14990,200000,11183979,8368,58,1,204,0,1
history-length,10,400,6,0,66,0,21510,200000,11826602,8416,58,1,205,0,1
history-length,10,400,7,0,78,0,38275,200000,12623466,8465,60,1,213,0,1
history-length,10,400,8,0,57,0,15580,200000,11142575,8231,67,0,223,0,1
history-length,10,400,9,0,50,0,14795,200000,11505407,8157,57,1,202,0,1
history-length,10,400,10,0,79,0,31260,200000,11737752,8367,65,1,211,0,1
history-length,10,1600,1,0,223,0,254270,200000,11092348,11016,36,1,149,0,1
history-length,10,1600,2,0,170,0,141115,200000,10463014,10697,39,1,155,0,1
history-length,10,1600,3,0,200,0,225395,200000,11069840,11094,40,1,150,0,1
history-length,10,1600,4,0,204,0,227105,200000,11290767,11131,38,1,143,0,1
history-length,10,1600,5,0,206,0,205640,200000,10845362,11248,41,1,160,0,1
history-length,10,1600,6,0,216,0,242515,200000,11302695,11098,42,0,182,0,1
history-length,10,1600,7,0,217,0,234920,200000,11034516,10634,40,1,160,0,1
history-length,10,1600,8,0,211,0,220405,200000,11034866,11471,42,1,150,0,1
history-length,10,1600,9,0,208,0,227990,200000,10871853,11229,42,1,171,0,1
history-length,10,1600,10,0,232,0,289745,200000,11312934,11250,38,1,143,0,1
history-length,50,400,1,0,49,0,11180,200000,11109701,8254,60,0,211,0,1
history-length,50,400,2,0,54,0,14930,200000,11127762,8671,57,0,203,0,1
history-length,50,400,3,0,52,0,13385,200000,10686014,8675,43,1,171,0,1
history-length,50,400,4,0,57,0,17165,200000,12144866,8914,53,0,201,0,1
history-length,50,400,5,0,54,0,15430,200000,11092877,8083,47,1,178,0,1
history-length,50,400,6,0,60,0,18520,200000,11729912,8346,44,1,184,0,1
history-length,50,400,7,0,75,0,32850,200000,12223195,7929,42,1,180,0,1
history-length,50,400,8,0,51,0,10735,200000,10853568,7968,43,1,176,0,1
history-length,50,400,9,0,42,0,7785,200000,11381935,8384,45,1,183,0,1
history-length,50,400,10,0,60,0,19890,200000,11471396,8463,49,1,181,0,1
history-length,50,1600,1,0,122,0,67170,200000,10737693,10574,17,0,123,0,1
history-length,50,1600,2,0,133,0,79520,200000,10076686,10427,30,0,130,0,1
history-length,50,1600,3,0,187,0,180200,200000,10753688,11029,36,0,151,0,1
history-length,50,1600,4,0,158,0,125830,200000,11060714,11145,36,0,141,0,1
history-length,50,1600,5,0,196,0,194150,200000,10657261,10788,30,0,140,0,1
history-length,50,1600,6,0,210,0,216220,200000,10708861,11507,24,0,123,0,1
history-length,50,1600,7,0,214,0,238385,200000,10950543,10579,38,1,144,0,1
history-length,50,1600,8,0,160,0,124625,200000,10583332,11121,30,0,135,0,1
history-length,50,1600,9,0,194,0,167590,200000,10956674,11197,35,0,145,0,1
history-length,50,1600,10,0,214,0,233800,200000,11345825,11448,32,0,138,0,1
history-length,100,400,1,0,48,0,12870,200000,11178809,8581,46,1,191,0,1
history-length,100,400,2,0,67,0,18590,200000,11012691,8768,41,1,170,0,1
history-length,100,400,3,0,52,0,12530,200000,10786475,8344,44,1,186,0,1
history-length,100,400,4,0,65,0,25495,200000,11830308,8830,40,1,167,0,1
history-length,100,400,5,0,56,0,15330,200000,11108125,8365,42,1,166,0,1
history-length,100,400,6,0,62,0,18155,200000,11490605,8330,40,1,171,0,1
history-length,100,400,7,0,78,0,33620,200000,12357371,7950,41,1,174,0,1
history-length,100,400,8,0,42,0,8395,200000,11033510,8329,49,1,194,0,1
history-length,100,400,9,0,47,0,11140,200000,11644837,8265,51,0,198,0,1
history-length,100,400,10,0,72,0,28710,200000,11478053,8463,41,1,170,0,1
history-length,100,1600,1,0,149,0,116285,200000,10692431,10703,15,0,119,0,1
history-length,100,1600,2,0,132,0,78875,200000,10099512,10479,17,0,116,0,1
history-length,100,1600,3,0,143,0,114880,200000,10606944,10672,17,0,113,0,1
history-length,100,1600,4,0,172,0,135795,200000,10732342,10638,12,0,108,0,1
history-length,100,1600,5,0,151,0,97655,200000,10404240,11174,2,0,98,0,1
history-length,100,1600,6,0,192,0,185810,200000,10600911,11163,8,0,104,0,1
history-length,100,1600,7,0,132,0,75595,200000,10245314,10234,4,0,99,0,1
history-length,100,1600,8,0,152,0,116555,200000,10262348,10868,9,0,111,0,1
history-length,100,1600,9,0,162,0,126145,200000,10582696,11178,4,0,93,0,1
history-length,100,1600,10,0,206,0,202630,200000,11013720,11251,4,0,107,0,1
history-length,500,400,1,0,58,0,14790,200000,11099899,8615,29,0,201,0,1
history-length,500,400,2,0,51,0,12695,200000,11043125,8809,28,0,194,0,1
history-length,500,400,3,0,54,0,14130,200000,10619378,8213,15,0,183,0,1
history-length,500,400,4,0,71,0,26130,200000,11905706,8510,30,0,200,0,1
history-length,500,400,5,0,47,0,13135,200000,11189692,8132,35,0,198,0,1
history-length,500,400,6,0,59,0,16655,200000,11692191,8325,33,0,207,0,1
history-length,500,400,7,0,75,0,32850,200000,12181717,8440,29,0,205,0,1
history-length,500,400,8,0,42,0,8870,200000,10847740,8114,25,0,193,0,1
history-length,500,400,9,0,55,0,13820,200000,11860231,8609,36,0,193,0,1
history-length,500,400,10,0,68,0,26320,200000,11678673,8873,34,0,205,0,1
history-length,500,1600,1,0,367,0,734270,200000,10597478,10641,2,0,172,0,1
history-length,500,1600,2,0,329,0,574175,200000,9959040,10473,1,0,166,0,1
history-length,500,1600,3,0,364,0,714905,200000,10462480,11303,1,0,160,0,1
history-length,500,1600,4,0,364,0,677350,200000,10705257,10697,3,0,165,0,1
history-length,500,1600,5,0,348,0,703715,200000,10457605,11155,1,0,169,0,1
history-length,500,1600,6,0,399,0,963655,200000,10578401,11060,2,0,160,0,1
history-length,500,1600,7,0,332,0,596450,200000,10410225,10443,4,0,170,0,1
history-length,500,1600,8,0,349,0,670055,200000,10337890,11143,1,0,167,0,1
history-length,500,1600,9,0,372,0,774315,200000,10618939,11680,2,0,162,0,1
history-length,500,1600,10,0,387,0,912365,200000,10923576,11378,1,0,147,0,1
history-length,5000,400,1,0,145,0,129175,200000,10483688,8823,0,0,219,0,1
history-length,5000,400,2,0,63,0,17815,200000,11053893,8911,20,0,201,0,1
history-length,5000,400,3,0,138,0,88700,200000,10361470,8526,3,0,223,0,1
history-length,5000,400,4,0,157,0,148910,200000,11192501,9345,1,0,217,0,1
history-length,5000,400,5,0,134,0,101270,200000,10685837,8946,1,0,213,0,1
history-length,5000,400,6,0,117,0,71100,200000,10812403,8578,5,0,219,0,1
history-length,5000,400,7,0,169,0,177445,200000,11061839,8038,0,0,227,0,1
history-length,5000,400,8,0,105,0,58855,200000,10209875,8361,3,0,217,0,1
history-length,5000,400,9,0,96,0,57865,200000,11246881,9017,5,0,220,0,1
history-length,5000,400,10,0,146,0,110740,200000,11221715,9025,3,0,230,0,1
history-length,5000,1600,1,10,850,0,5055450,200000,9957232,10266,0,0,235,0,1
history-length,5000,1600,2,3,800,0,5000125,200000,9277293,9945,0,0,227,0,1
history-length,5000,1600,3,3,864,0,5775725,200000,10167505,10333,0,0,232,0,1
history-length,5000,1600,4,3,836,0,5136640,200000,9499905,10059,0,0,229,0,1
history-length,5000,1600,5,1,811,0,4506930,200000,9168211,10451,0,0,225,0,1
history-length,5000,1600,6,5,798,0,4570150,200000,9822236,10409,0,0,231,0,1
history-length,5000,1600,7,6,873,0,5632830,200000,9675318,9802,0,0,235,0,1
history-length,5000,1600,8,5,897,0,5695265,200000,9741101,10140,0,0,233,0,1
history-length,5000,1600,9,1,879,0,6091305,200000,9739713,10622,0,0,223,0,1
history-length,5000,1600,10,4,905,0,6572750,200000,10406623,10391,0,0,235,0,1
history-length,50000,400,1,0,207,0,285935,200000,8862433,7628,0,0,225,0,1
history-length,50000,400,2,0,200,0,239825,200000,9288051,8483,0,0,221,0,1
history-length,50000,400,3,0,242,0,333625,200000,8575802,7639,0,0,228,0,1
history-length,50000,400,4,0,226,0,358225,200000,9288154,8303,0,0,225,0,1
history-length,50000,400,5,0,186,0,213280,200000,9194665,8280,0,0,224,0,1
history-length,50000,400,6,0,223,0,304205,200000,9016043,7325,0,0,225,0,1
history-length,50000,400,7,1,261,0,475520,200000,10312777,7302,0,0,235,0,1
history-length,50000,400,8,0,185,0,218525,200000,8578598,7358,0,0,225,0,1
history-length,50000,400,9,0,172,0,190820,200000,9400619,8128,0,0,222,0,1
history-length,50000,400,10,0,225,0,324215,200000,9861868,7991,0,0,235,0,1
history-length,50000,1600,1,22,1965,0,20419175,200000,9270548,9912,0,0,239,0,1
history-length,50000,1600,2,19,945,0,6400265,200000,8307663,9336,0,0,234,0,1
history-length,50000,1600,3,16,979,0,6613450,200000,9042322,9764,0,0,236,0,1
history-length,50000,1600,4,16,985,0,7126415,200000,8548072,9559,0,0,236,0,1
history-length,50000,1600,5,14,974,0,6684565,200000,8454951,9859,0,0,232,0,1
history-length,50000,1600,6,17,1003,0,7311860,200000,8840336,9631,0,0,236,0,1
history-length,50000,1600,7,18,927,0,6196680,200000,8604734,8954,0,0,238,0,1
history-length,50000,1600,8,17,1830,0,17576290,200000,9051174,10232,0,0,236,0,1
history-length,50000,1600,9,14,1008,0,7064270,200000,8953059,10299,0,0,235,0,1
history-length,50000,1600,10,17,978,0,6682925,200000,9454577,10167,0,0,236,0,1
escape-ladder,none,400,1,0,36,0,6530,200000,10574233,8207,0,0,0,0,1
escape-ladder,none,400,2,0,51,0,13570,200000,10599489,8441,0,0,0,0,1
escape-ladder,none,400,3,0,54,0,17750,200000,10271941,8247,0,0,0,0,1
escape-ladder,none,400,4,0,62,0,21955,200000,11705615,8683,0,0,0,0,1
escape-ladder,none,400,5,0,38,0,8795,200000,10521139,7993,0,0,0,0,1
escape-ladder,none,400,6,0,48,0,11650,200000,11058110,7904,0,0,0,0,1
escape-ladder,none,400,7,0,65,0,24220,200000,11225335,8066,0,0,0,0,1
escape-ladder,none,400,8,0,32,0,5570,200000,10286252,8289,0,0,0,0,1
escape-ladder,none,400,9,0,41,0,9335,200000,10781516,8084,0,0,0,0,1
escape-ladder,none,400,10,0,47,0,11840,200000,11185731,8339,0,0,0,0,1
escape-ladder,none,1600,1,0,128,0,85910,200000,10467746,11123,0,0,0,0,1
escape-ladder,none,1600,2,0,120,0,65800,200000,9839078,10322,0,0,0,0,1
escape-ladder,none,1600,3,0,143,0,107040,200000,10296229,10364,0,0,0,0,1
escape-ladder,none,1600,4,0,147,0,109045,200000,10531142,10835,0,0,0,0,1
escape-ladder,none,1600,5,0,137,0,94045,200000,10236785,10896,0,0,0,0,1
escape-ladder,none,1600,6,0,186,0,176675,200000,10404885,10538,0,0,0,0,1
escape-ladder,none,1600,7,0,136,0,87140,200000,10047225,10487,0,0,0,0,1
escape-ladder,none,1600,8,0,146,0,101500,200000,10002726,10657,0,0,0,0,1
escape-ladder,none,1600,9,0,164,0,126355,200000,10311674,11057,0,0,0,0,1
escape-ladder,none,1600,10,0,200,0,187825,200000,10899134,11190,0,0,0,0,1
escape-ladder,deep,400,1,0,42,0,8665,200000,10987008,8326,0,0,200,0,1
escape-ladder,deep,400,2,0,46,0,9980,200000,10982753,8444,0,0,197,0,1
escape-ladder,deep,400,3,0,47,0,9920,200000,10973767,8820,0,0,205,0,1
escape-ladder,deep,400,4,0,61,0,18575,200000,11705324,8527,0,0,196,0,1
escape-ladder,deep,400,5,0,50,0,13345,200000,10964644,8172,0,0,193,0,1
escape-ladder,deep,400,6,0,52,0,14705,200000,11534658,8054,0,0,202,0,1
escape-ladder,deep,400,7,0,66,0,25030,200000,11753875,8565,0,0,199,0,1
escape-ladder,deep,400,8,0,41,0,7580,200000,10891340,8181,0,0,198,0,1
escape-ladder,deep,400,9,0,41,0,8210,200000,11467990,8482,0,0,192,0,1
escape-ladder,deep,400,10,0,55,0,16085,200000,11349412,8561,0,0,199,0,1
escape-ladder,deep,1600,1,0,143,0,103360,200000,10516070,10742,0,0,113,0,1
escape-ladder,deep,1600,2,0,114,0,61830,200000,9987772,10560,0,0,102,0,1
escape-ladder,deep,1600,3,0,127,0,81390,200000,10433196,11399,0,0,101,0,1
escape-ladder,deep,1600,4,0,157,0,112040,200000,10568653,11109,0,0,104,0,1
escape-ladder,deep,1600,5,0,144,0,94825,200000,10372318,10825,0,0,101,0,1
escape-ladder,deep,1600,6,0,202,0,191105,200000,10488682,11788,0,0,104,0,1
escape-ladder,deep,1600,7,0,124,0,66545,200000,10240620,10454,0,0,95,0,1
escape-ladder,deep,1600,8,0,157,0,112495,200000,10224276,10733,0,0,110,0,1
escape-ladder,deep,1600,9,0,160,0,121025,200000,10516633,11237,0,0,89,0,1
escape-ladder,deep,1600,10,0,193,0,197245,200000,10962839,11334,0,0,106,0,1
escape-ladder,deep+kick,400,1,0,48,0,12870,200000,11201089,8611,52,0,204,0,1
escape-ladder,deep+kick,400,2,0,66,0,21955,200000,11221630,9142,61,0,209,0,1
escape-ladder,deep+kick,400,3,0,52,0,12530,200000,10788109,8231,49,0,198,0,1
escape-ladder,deep+kick,400,4,0,65,0,25495,200000,11911206,8566,51,0,194,0,1
escape-ladder,deep+kick,400,5,0,56,0,15330,200000,11261191,8321,56,0,199,0,1
escape-ladder,deep+kick,400,6,0,62,0,18155,200000,11772958,8943,56,0,206,0,1
escape-ladder,deep+kick,400,7,0,78,0,33620,200000,12652795,8126,57,0,212,0,1
escape-ladder,deep+kick,400,8,0,42,0,8395,200000,11008348,8182,50,0,196,0,1
escape-ladder,deep+kick,400,9,0,47,0,11140,200000,11644837,8701,51,0,198,0,1
escape-ladder,deep+kick,400,10,0,72,0,28710,200000,11606201,8384,57,0,207,0,1
escape-ladder,deep+kick,1600,1,0,149,0,116285,200000,10692431,10807,15,0,119,0,1
escape-ladder,deep+kick,1600,2,0,132,0,78875,200000,10099512,10850,17,0,116,0,1
escape-ladder,deep+kick,1600,3,0,143,0,114880,200000,10606944,11058,17,0,113,0,1
escape-ladder,deep+kick,1600,4,0,172,0,135795,200000,10732342,11069,12,0,108,0,1
escape-ladder,deep+kick,1600,5,0,151,0,97655,200000,10404240,11079,2,0,98,0,1
escape-ladder,deep+kick,1600,6,0,192,0,185810,200000,10600911,10937,8,0,104,0,1
escape-ladder,deep+kick,1600,7,0,132,0,75595,200000,10245314,10425,4,0,99,0,1
escape-ladder,deep+kick,1600,8,0,152,0,116555,200000,10262348,10644,9,0,111,0,1
escape-ladder,deep+kick,1600,9,0,162,0,126145,200000,10582696,11410,4,0,93,0,1
escape-ladder,deep+kick,1600,10,0,206,0,202630,200000,11013720,11647,4,0,107,0,1
escape-ladder,deep+kick+fresh,400,1,0,48,0,12870,200000,11178809,8430,46,1,191,0,1
escape-ladder,deep+kick+fresh,400,2,0,67,0,18590,200000,11012691,8869,41,1,170,0,1
escape-ladder,deep+kick+fresh,400,3,0,52,0,12530,200000,10786475,8491,44,1,186,0,1
escape-ladder,deep+kick+fresh,400,4,0,65,0,25495,200000,11830308,9051,40,1,167,0,1
escape-ladder,deep+kick+fresh,400,5,0,56,0,15330,200000,11108125,8312,42,1,166,0,1
escape-ladder,deep+kick+fresh,400,6,0,62,0,18155,200000,11490605,8428,40,1,171,0,1
escape-ladder,deep+kick+fresh,400,7,0,78,0,33620,200000,12357371,8438,41,1,174,0,1
escape-ladder,deep+kick+fresh,400,8,0,42,0,8395,200000,11033510,8014,49,1,194,0,1
escape-ladder,deep+kick+fresh,400,9,0,47,0,11140,200000,11644837,8514,51,0,198,0,1
escape-ladder,deep+kick+fresh,400,10,0,72,0,28710,200000,11478053,8690,41,1,170,0,1
escape-ladder,deep+kick+fresh,1600,1,0,149,0,116285,200000,10692431,10584,15,0,119,0,1
escape-ladder,deep+kick+fresh,1600,2,0,132,0,78875,200000,10099512,10453,17,0,116,0,1
escape-ladder,deep+kick+fresh,1600,3,0,143,0,114880,200000,10606944,11060,17,0,113,0,1
escape-ladder,deep+kick+fresh,1600,4,0,172,0,135795,200000,10732342,10700,12,0,108,0,1
escape-ladder,deep+kick+fresh,1600,5,0,151,0,97655,200000,10404240,10670,2,0,98,0,1
escape-ladder,deep+kick+fresh,1600,6,0,192,0,185810,200000,10600911,11293,8,0,104,0,1
escape-ladder,deep+kick+fresh,1600,7,0,132,0,75595,200000,10245314,10216,4,0,99,0,1
escape-ladder,deep+kick+fresh,1600,8,0,152,0,116555,200000,10262348,10739,9,0,111,0,1
escape-ladder,deep+kick+fresh,1600,9,0,162,0,126145,200000,10582696,11492,4,0,93,0,1
escape-ladder,deep+kick+fresh,1600,10,0,206,0,202630,200000,11013720,10976,4,0,107,0,1
kick-anchor,incumbent,400,1,0,48,0,12870,200000,11178809,8594,46,1,191,0,1
kick-anchor,incumbent,400,2,0,67,0,18590,200000,11012691,8784,41,1,170,0,1
kick-anchor,incumbent,400,3,0,52,0,12530,200000,10786475,8446,44,1,186,0,1
kick-anchor,incumbent,400,4,0,65,0,25495,200000,11830308,8431,40,1,167,0,1
kick-anchor,incumbent,400,5,0,56,0,15330,200000,11108125,8830,42,1,166,0,1
kick-anchor,incumbent,400,6,0,62,0,18155,200000,11490605,8431,40,1,171,0,1
kick-anchor,incumbent,400,7,0,78,0,33620,200000,12357371,8303,41,1,174,0,1
kick-anchor,incumbent,400,8,0,42,0,8395,200000,11033510,8133,49,1,194,0,1
kick-anchor,incumbent,400,9,0,47,0,11140,200000,11644837,8589,51,0,198,0,1
kick-anchor,incumbent,400,10,0,72,0,28710,200000,11478053,8600,41,1,170,0,1
kick-anchor,incumbent,1600,1,0,149,0,116285,200000,10692431,10670,15,0,119,0,1
kick-anchor,incumbent,1600,2,0,132,0,78875,200000,10099512,10873,17,0,116,0,1
kick-anchor,incumbent,1600,3,0,143,0,114880,200000,10606944,11420,17,0,113,0,1
kick-anchor,incumbent,1600,4,0,172,0,135795,200000,10732342,11164,12,0,108,0,1
kick-anchor,incumbent,1600,5,0,151,0,97655,200000,10404240,11116,2,0,98,0,1
kick-anchor,incumbent,1600,6,0,192,0,185810,200000,10600911,10956,8,0,104,0,1
kick-anchor,incumbent,1600,7,0,132,0,75595,200000,10245314,10409,4,0,99,0,1
kick-anchor,incumbent,1600,8,0,152,0,116555,200000,10262348,10644,9,0,111,0,1
kick-anchor,incumbent,1600,9,0,162,0,126145,200000,10582696,11478,4,0,93,0,1
kick-anchor,incumbent,1600,10,0,206,0,202630,200000,11013720,11111,4,0,107,0,1
kick-anchor,working-state,400,1,0,50,0,13355,200000,11132715,8333,42,1,175,0,1
kick-anchor,working-state,400,2,0,56,0,15305,200000,11101348,8948,42,1,174,0,1
kick-anchor,working-state,400,3,0,52,0,12530,200000,10723706,8732,40,1,177,0,1
kick-anchor,working-state,400,4,0,77,0,28700,200000,11973679,8922,41,1,178,0,1
kick-anchor,working-state,400,5,0,56,0,15890,200000,11063094,8398,40,1,165,0,1
kick-anchor,working-state,400,6,0,65,0,21000,200000,11592541,8303,40,1,173,0,1
kick-anchor,working-state,400,7,0,72,0,29320,200000,12880194,8628,43,1,187,0,1
kick-anchor,working-state,400,8,0,50,0,11075,200000,10962695,8149,40,1,172,0,1
kick-anchor,working-state,400,9,0,56,0,15625,200000,11756197,8288,40,1,175,0,1
kick-anchor,working-state,400,10,0,69,0,24930,200000,11562882,8795,40,1,172,0,1
kick-anchor,working-state,1600,1,0,156,0,122825,200000,10773959,10813,15,0,120,0,1
kick-anchor,working-state,1600,2,0,121,0,68060,200000,10072468,10283,10,0,111,0,1
kick-anchor,working-state,1600,3,0,132,0,82945,200000,10487270,11289,6,0,92,0,1
kick-anchor,working-state,1600,4,0,163,0,128370,200000,10674670,11162,12,0,108,0,1
kick-anchor,working-state,1600,5,0,147,0,103085,200000,10446453,10857,4,0,101,0,1
kick-anchor,working-state,1600,6,0,187,0,180370,200000,10531967,11427,5,0,90,0,1
kick-anchor,working-state,1600,7,0,142,0,90115,200000,10234265,10022,9,0,105,0,1
kick-anchor,working-state,1600,8,0,144,0,102230,200000,10231506,10639,6,0,106,0,1
kick-anchor,working-state,1600,9,0,155,0,112125,200000,10587755,11189,3,0,90,0,1
kick-anchor,working-state,1600,10,0,197,0,193495,200000,11067902,11051,4,0,108,0,1
kick-strength,fixed-12,400,1,0,47,0,10415,200000,11130445,9050,50,0,194,0,1
kick-strength,fixed-12,400,2,0,54,0,14140,200000,11373294,9354,55,0,200,0,1
kick-strength,fixed-12,400,3,0,50,0,11900,200000,10879984,8451,50,0,200,0,1
kick-strength,fixed-12,400,4,0,55,0,17935,200000,12079992,8585,46,0,184,0,1
kick-strength,fixed-12,400,5,0,46,0,10130,200000,10910968,8593,50,0,192,0,1
kick-strength,fixed-12,400,6,0,52,0,14020,200000,11709990,8236,55,0,204,0,1
kick-strength,fixed-12,400,7,0,66,0,24785,200000,12110280,8069,51,0,199,0,1
kick-strength,fixed-12,400,8,0,41,0,7775,200000,11016525,8091,48,0,194,0,1
kick-strength,fixed-12,400,9,0,41,0,8480,200000,11455733,8454,44,0,189,0,1
kick-strength,fixed-12,400,10,0,55,0,17950,200000,11427983,8277,45,0,190,0,1
kick-strength,fixed-12,1600,1,0,138,0,96210,200000,10603094,10581,8,0,110,0,1
kick-strength,fixed-12,1600,2,0,130,0,74955,200000,10059546,10660,13,0,112,0,1
kick-strength,fixed-12,1600,3,0,136,0,92505,200000,10540699,10590,10,0,106,0,1
kick-strength,fixed-12,1600,4,0,156,0,121705,200000,10596514,10753,7,0,103,0,1
kick-strength,fixed-12,1600,5,0,151,0,97655,200000,10404240,10965,2,0,98,0,1
kick-strength,fixed-12,1600,6,0,190,0,181240,200000,10587457,11096,7,0,103,0,1
kick-strength,fixed-12,1600,7,0,131,0,78220,200000,10258387,10284,5,0,100,0,1
kick-strength,fixed-12,1600,8,0,151,0,110455,200000,10246110,10831,7,0,108,0,1
kick-strength,fixed-12,1600,9,0,163,0,126920,200000,10578474,11292,4,0,92,0,1
kick-strength,fixed-12,1600,10,0,206,0,202630,200000,11013720,11259,4,0,107,0,1
kick-strength,fixed-60,400,1,0,50,0,14795,200000,11056455,8499,41,1,170,0,1
kick-strength,fixed-60,400,2,0,55,0,15040,200000,11156019,8749,54,0,205,0,1
kick-strength,fixed-60,400,3,0,59,0,17085,200000,10727272,8336,57,0,208,0,1
kick-strength,fixed-60,400,4,0,68,0,23920,200000,11909750,8733,49,0,194,0,1
kick-strength,fixed-60,400,5,0,52,0,14450,200000,11087512,8219,52,0,197,0,1
kick-strength,fixed-60,400,6,0,61,0,20135,200000,11957166,8326,56,0,205,0,1
kick-strength,fixed-60,400,7,0,81,0,30805,200000,12069129,8160,54,0,201,0,1
kick-strength,fixed-60,400,8,0,44,0,9250,200000,10995020,7780,52,0,198,0,1
kick-strength,fixed-60,400,9,0,52,0,14020,200000,11784704,8587,56,0,200,0,1
kick-strength,fixed-60,400,10,0,69,0,24930,200000,11506492,8198,53,0,205,0,1
kick-strength,fixed-60,1600,1,0,163,0,129765,200000,10696470,10837,17,0,122,0,1
kick-strength,fixed-60,1600,2,0,136,0,84460,200000,10084000,10380,20,0,122,0,1
kick-strength,fixed-60,1600,3,0,143,0,100000,200000,10482843,10764,7,0,102,0,1
kick-strength,fixed-60,1600,4,0,167,0,134215,200000,10662511,10971,12,0,110,0,1
kick-strength,fixed-60,1600,5,0,153,0,114085,200000,10459188,10433,9,0,107,0,1
kick-strength,fixed-60,1600,6,0,214,0,224635,200000,10623706,11025,15,0,113,0,1
kick-strength,fixed-60,1600,7,0,142,0,90115,200000,10300077,9961,10,0,105,0,1
kick-strength,fixed-60,1600,8,0,178,0,150370,200000,10342072,10658,17,0,123,0,1
kick-strength,fixed-60,1600,9,0,164,0,129995,200000,10551216,11698,5,0,90,0,1
kick-strength,fixed-60,1600,10,0,217,0,228695,200000,11054072,10826,12,0,116,0,1
kick-strength,fixed-300,400,1,0,53,0,15410,200000,11133638,8426,42,1,175,0,1
kick-strength,fixed-300,400,2,0,53,0,16990,200000,11255326,8673,52,0,206,0,1
kick-strength,fixed-300,400,3,0,62,0,17345,200000,10777175,8287,56,0,207,0,1
kick-strength,fixed-300,400,4,0,66,0,26360,200000,11998904,8934,53,0,201,0,1
kick-strength,fixed-300,400,5,0,60,0,18025,200000,11112123,8239,54,0,198,0,1
kick-strength,fixed-300,400,6,0,58,0,15520,200000,11599378,8275,56,0,201,0,1
kick-strength,fixed-300,400,7,0,85,0,40690,200000,12651883,8504,51,1,196,0,1
kick-strength,fixed-300,400,8,0,52,0,12595,200000,10952989,8079,56,0,202,0,1
kick-strength,fixed-300,400,9,0,56,0,15625,200000,11675820,8790,39,1,168,0,1
kick-strength,fixed-300,400,10,0,78,0,30905,200000,11600564,8474,45,1,178,0,1
kick-strength,fixed-300,1600,1,0,163,0,129765,200000,10845982,10719,17,0,123,0,1
kick-strength,fixed-300,1600,2,0,136,0,86050,200000,10145587,11165,20,0,122,0,1
kick-strength,fixed-300,1600,3,0,148,0,115940,200000,10700394,11246,18,0,114,0,1
kick-strength,fixed-300,1600,4,0,193,0,193485,200000,10966178,10992,26,0,130,0,1
kick-strength,fixed-300,1600,5,0,158,0,116065,200000,10475531,11130,10,0,109,0,1
kick-strength,fixed-300,1600,6,0,226,0,258195,200000,10691452,11194,22,0,122,0,1
kick-strength,fixed-300,1600,7,0,142,0,90115,200000,10333828,10474,10,0,106,0,1
kick-strength,fixed-300,1600,8,0,183,0,165730,200000,10478739,10979,19,0,129,0,1
kick-strength,fixed-300,1600,9,0,195,0,176525,200000,10772487,11304,19,0,112,0,1
kick-strength,fixed-300,1600,10,0,217,0,228695,200000,11048663,11429,10,0,116,0,1
kick-strength,adaptive-12-300,400,1,0,48,0,12870,200000,11178809,8619,46,1,191,0,1
kick-strength,adaptive-12-300,400,2,0,67,0,18590,200000,11012691,8771,41,1,170,0,1
kick-strength,adaptive-12-300,400,3,0,52,0,12530,200000,10786475,8621,44,1,186,0,1
kick-strength,adaptive-12-300,400,4,0,65,0,25495,200000,11830308,9088,40,1,167,0,1
kick-strength,adaptive-12-300,400,5,0,56,0,15330,200000,11108125,8610,42,1,166,0,1
kick-strength,adaptive-12-300,400,6,0,62,0,18155,200000,11490605,8371,40,1,171,0,1
kick-strength,adaptive-12-300,400,7,0,78,0,33620,200000,12357371,8495,41,1,174,0,1
kick-strength,adaptive-12-300,400,8,0,42,0,8395,200000,11033510,7984,49,1,194,0,1
kick-strength,adaptive-12-300,400,9,0,47,0,11140,200000,11644837,8844,51,0,198,0,1
kick-strength,adaptive-12-300,400,10,0,72,0,28710,200000,11478053,8421,41,1,170,0,1
kick-strength,adaptive-12-300,1600,1,0,149,0,116285,200000,10692431,11159,15,0,119,0,1
kick-strength,adaptive-12-300,1600,2,0,132,0,78875,200000,10099512,10457,17,0,116,0,1
kick-strength,adaptive-12-300,1600,3,0,143,0,114880,200000,10606944,11000,17,0,113,0,1
kick-strength,adaptive-12-300,1600,4,0,172,0,135795,200000,10732342,11373,12,0,108,0,1
kick-strength,adaptive-12-300,1600,5,0,151,0,97655,200000,10404240,11192,2,0,98,0,1
kick-strength,adaptive-12-300,1600,6,0,192,0,185810,200000,10600911,11169,8,0,104,0,1
kick-strength,adaptive-12-300,1600,7,0,132,0,75595,200000,10245314,10046,4,0,99,0,1
kick-strength,adaptive-12-300,1600,8,0,152,0,116555,200000,10262348,10895,9,0,111,0,1
kick-strength,adaptive-12-300,1600,9,0,162,0,126145,200000,10582696,11200,4,0,93,0,1
kick-strength,adaptive-12-300,1600,10,0,206,0,202630,200000,11013720,10790,4,0,107,0,1
kick-strength,adaptive-6-100,400,1,0,53,0,14920,200000,11208808,8743,44,1,179,0,1
kick-strength,adaptive-6-100,400,2,0,62,0,20390,200000,11083778,9533,42,1,171,0,1
kick-strength,adaptive-6-100,400,3,0,57,0,15490,200000,10819829,8614,43,1,180,0,1
kick-strength,adaptive-6-100,400,4,0,71,0,27055,200000,12304158,9404,48,1,183,0,1
kick-strength,adaptive-6-100,400,5,0,49,0,13250,200000,11124044,8581,44,1,174,0,1
kick-strength,adaptive-6-100,400,6,0,62,0,18155,200000,11526266,8482,43,1,172,0,1
kick-strength,adaptive-6-100,400,7,0,76,0,31865,200000,12060255,8463,43,1,182,0,1
kick-strength,adaptive-6-100,400,8,0,40,0,8320,200000,10894563,8299,46,1,181,0,1
kick-strength,adaptive-6-100,400,9,0,43,0,10420,200000,11649788,8807,47,1,190,0,1
kick-strength,adaptive-6-100,400,10,0,68,0,23750,200000,11598425,8733,41,1,170,0,1
kick-strength,adaptive-6-100,1600,1,0,142,0,108220,200000,10613791,10900,12,0,114,0,1
kick-strength,adaptive-6-100,1600,2,0,123,0,70565,200000,10059047,10681,11,0,110,0,1
kick-strength,adaptive-6-100,1600,3,0,135,0,93565,200000,10576656,10997,13,0,110,0,1
kick-strength,adaptive-6-100,1600,4,0,153,0,125090,200000,10587009,11116,10,0,102,0,1
kick-strength,adaptive-6-100,1600,5,0,142,0,97590,200000,10438214,11328,3,0,99,0,1
kick-strength,adaptive-6-100,1600,6,0,191,0,186780,200000,10569165,10740,6,0,103,0,1
kick-strength,adaptive-6-100,1600,7,0,131,0,76925,200000,10252834,10411,5,0,99,0,1
kick-strength,adaptive-6-100,1600,8,0,158,0,121300,200000,10235044,10680,6,0,110,0,1
kick-strength,adaptive-6-100,1600,9,0,157,0,115775,200000,10545493,11217,2,0,88,0,1
kick-strength,adaptive-6-100,1600,10,0,196,0,192530,200000,10983208,11340,3,0,105,0,1
construction,most-constrained,400,1,0,48,0,12870,200000,11178809,8538,46,1,191,0,1
construction,most-constrained,400,2,0,67,0,18590,200000,11012691,8817,41,1,170,0,1
construction,most-constrained,400,3,0,52,0,12530,200000,10786475,8456,44,1,186,0,1
construction,most-constrained,400,4,0,65,0,25495,200000,11830308,8848,40,1,167,0,1
construction,most-constrained,400,5,0,56,0,15330,200000,11108125,8335,42,1,166,0,1
construction,most-constrained,400,6,0,62,0,18155,200000,11490605,8513,40,1,171,0,1
construction,most-constrained,400,7,0,78,0,33620,200000,12357371,8857,41,1,174,0,1
construction,most-constrained,400,8,0,42,0,8395,200000,11033510,8114,49,1,194,0,1
construction,most-constrained,400,9,0,47,0,11140,200000,11644837,8573,51,0,198,0,1
construction,most-constrained,400,10,0,72,0,28710,200000,11478053,8507,41,1,170,0,1
construction,most-constrained,1600,1,0,149,0,116285,200000,10692431,11151,15,0,119,0,1
construction,most-constrained,1600,2,0,132,0,78875,200000,10099512,10400,17,0,116,0,1
construction,most-constrained,1600,3,0,143,0,114880,200000,10606944,11136,17,0,113,0,1
construction,most-constrained,1600,4,0,172,0,135795,200000,10732342,10858,12,0,108,0,1
construction,most-constrained,1600,5,0,151,0,97655,200000,10404240,10944,2,0,98,0,1
construction,most-constrained,1600,6,0,192,0,185810,200000,10600911,11344,8,0,104,0,1
construction,most-constrained,1600,7,0,132,0,75595,200000,10245314,10021,4,0,99,0,1
construction,most-constrained,1600,8,0,152,0,116555,200000,10262348,10985,9,0,111,0,1
construction,most-constrained,1600,9,0,162,0,126145,200000,10582696,11813,4,0,93,0,1
construction,most-constrained,1600,10,0,206,0,202630,200000,11013720,10892,4,0,107,0,1
construction,random,400,1,0,48,0,14220,200000,11108855,8608,41,1,167,0,1
construction,random,400,2,0,49,0,14205,200000,11014123,9153,43,1,179,0,1
construction,random,400,3,0,57,0,16565,200000,10578114,8338,43,1,170,0,1
construction,random,400,4,0,73,0,26210,200000,11953742,8863,40,1,169,0,1
construction,random,400,5,0,53,0,14920,200000,11179389,8394,43,1,176,0,1
construction,random,400,6,0,63,0,21245,200000,11168082,8377,40,1,178,0,1
construction,random,400,7,0,90,0,46450,200000,12087726,8054,42,1,180,0,1
construction,random,400,8,0,50,0,12450,200000,10765432,7906,41,1,176,0,1
construction,random,400,9,0,47,0,11725,200000,11402857,8560,48,1,179,0,1
construction,random,400,10,0,64,0,20155,200000,11585370,8545,44,1,180,0,1
construction,random,1600,1,0,146,0,109830,200000,10719200,10470,18,0,121,0,1
construction,random,1600,2,0,122,0,75955,200000,10017611,10757,15,0,123,0,1
construction,random,1600,3,0,156,0,120130,200000,10409867,10903,10,0,120,0,1
construction,random,1600,4,0,146,0,104475,200000,10531591,10380,10,0,105,0,1
construction,random,1600,5,0,138,0,87430,200000,10331674,11158,6,0,105,0,1
construction,random,1600,6,0,190,0,175475,200000,10570491,10794,4,0,104,0,1
construction,random,1600,7,0,134,0,82145,200000,10251653,10374,7,0,101,0,1
construction,random,1600,8,0,142,0,94945,200000,10084373,11126,5,0,92,0,1
construction,random,1600,9,0,155,0,121535,200000,10427200,11079,5,0,109,0,1
construction,random,1600,10,0,193,0,163045,200000,11051771,11467,8,0,123,0,1
infeasibility-price,scale-free,400,1,0,48,0,12870,200000,11178809,8720,46,1,191,0,1
infeasibility-price,scale-free,400,2,0,67,0,18590,200000,11012691,8709,41,1,170,0,1
infeasibility-price,scale-free,400,3,0,52,0,12530,200000,10786475,8000,44,1,186,0,1
infeasibility-price,scale-free,400,4,0,65,0,25495,200000,11830308,8661,40,1,167,0,1
infeasibility-price,scale-free,400,5,0,56,0,15330,200000,11108125,8237,42,1,166,0,1
infeasibility-price,scale-free,400,6,0,62,0,18155,200000,11490605,8102,40,1,171,0,1
infeasibility-price,scale-free,400,7,0,78,0,33620,200000,12357371,8356,41,1,174,0,1
infeasibility-price,scale-free,400,8,0,42,0,8395,200000,11033510,7974,49,1,194,0,1
infeasibility-price,scale-free,400,9,0,47,0,11140,200000,11644837,8781,51,0,198,0,1
infeasibility-price,scale-free,400,10,0,72,0,28710,200000,11478053,8498,41,1,170,0,1
infeasibility-price,scale-free,1600,1,0,149,0,116285,200000,10692431,11039,15,0,119,0,1
infeasibility-price,scale-free,1600,2,0,132,0,78875,200000,10099512,10570,17,0,116,0,1
infeasibility-price,scale-free,1600,3,0,143,0,114880,200000,10606944,10908,17,0,113,0,1
infeasibility-price,scale-free,1600,4,0,172,0,135795,200000,10732342,10987,12,0,108,0,1
infeasibility-price,scale-free,1600,5,0,151,0,97655,200000,10404240,10990,2,0,98,0,1
infeasibility-price,scale-free,1600,6,0,192,0,185810,200000,10600911,11404,8,0,104,0,1
infeasibility-price,scale-free,1600,7,0,132,0,75595,200000,10245314,10137,4,0,99,0,1
infeasibility-price,scale-free,1600,8,0,152,0,116555,200000,10262348,11104,9,0,111,0,1
infeasibility-price,scale-free,1600,9,0,162,0,126145,200000,10582696,11491,4,0,93,0,1
infeasibility-price,scale-free,1600,10,0,206,0,202630,200000,11013720,10835,4,0,107,0,1
infeasibility-price,fixed-1e5,400,1,0,38,0,7985,200000,10967161,8711,42,1,179,0,1
infeasibility-price,fixed-1e5,400,2,0,51,0,13805,200000,11209581,9001,50,1,195,0,1
infeasibility-price,fixed-1e5,400,3,0,52,0,14315,200000,10841108,8648,48,0,202,0,1
infeasibility-price,fixed-1e5,400,4,0,70,0,23800,200000,12019963,8849,44,1,171,0,1
infeasibility-price,fixed-1e5,400,5,0,58,0,17400,200000,11089347,8201,41,1,169,0,1
infeasibility-price,fixed-1e5,400,6,0,67,0,20200,200000,11476910,8493,45,1,178,0,1
infeasibility-price,fixed-1e5,400,7,0,71,0,29245,200000,12486714,8396,45,1,179,0,1
infeasibility-price,fixed-1e5,400,8,0,46,0,9905,200000,10987624,8072,43,1,178,0,1
infeasibility-price,fixed-1e5,400,9,0,55,0,16000,200000,11565718,8659,42,1,166,0,1
infeasibility-price,fixed-1e5,400,10,0,69,0,24725,200000,11571005,8771,40,1,163,0,1
infeasibility-price,fixed-1e5,1600,1,0,162,0,138400,200000,10836961,11048,10,0,139,0,1
infeasibility-price,fixed-1e5,1600,2,0,106,0,56980,200000,10016306,10665,4,0,111,0,1
infeasibility-price,fixed-1e5,1600,3,0,182,0,158185,200000,10710437,11360,16,0,128,0,1
infeasibility-price,fixed-1e5,1600,4,0,148,0,103945,200000,10749826,11317,3,0,114,0,1
infeasibility-price,fixed-1e5,1600,5,0,147,0,104670,200000,10493752,11382,3,0,115,0,1
infeasibility-price,fixed-1e5,1600,6,0,194,0,189500,200000,10686296,11155,3,0,106,0,1
infeasibility-price,fixed-1e5,1600,7,0,142,0,93385,200000,10286780,10573,5,0,111,0,1
infeasibility-price,fixed-1e5,1600,8,0,151,0,115055,200000,10226944,11362,2,0,111,0,1
infeasibility-price,fixed-1e5,1600,9,0,176,0,146370,200000,10620271,11758,5,0,102,0,1
infeasibility-price,fixed-1e5,1600,10,0,159,0,127970,200000,11144812,11449,4,0,106,0,1
infeasibility-price,fixed-1e6,400,1,0,48,0,12870,200000,11178809,8855,46,1,191,0,1
infeasibility-price,fixed-1e6,400,2,0,67,0,18590,200000,11012691,9369,41,1,170,0,1
infeasibility-price,fixed-1e6,400,3,0,52,0,12530,200000,10786475,8564,44,1,186,0,1
infeasibility-price,fixed-1e6,400,4,0,65,0,25495,200000,11830308,8621,40,1,167,0,1
infeasibility-price,fixed-1e6,400,5,0,56,0,15330,200000,11108125,8267,42,1,166,0,1
infeasibility-price,fixed-1e6,400,6,0,62,0,18155,200000,11490605,8239,40,1,171,0,1
infeasibility-price,fixed-1e6,400,7,0,78,0,33620,200000,12357371,8443,41,1,174,0,1
infeasibility-price,fixed-1e6,400,8,0,42,0,8395,200000,11033510,8269,49,1,194,0,1
infeasibility-price,fixed-1e6,400,9,0,47,0,11140,200000,11644837,8353,51,0,198,0,1
infeasibility-price,fixed-1e6,400,10,0,72,0,28710,200000,11478053,8534,41,1,170,0,1
infeasibility-price,fixed-1e6,1600,1,0,149,0,116285,200000,10692431,11041,15,0,119,0,1
infeasibility-price,fixed-1e6,1600,2,0,132,0,78875,200000,10099512,10536,17,0,116,0,1
infeasibility-price,fixed-1e6,1600,3,0,143,0,114880,200000,10606944,11383,17,0,113,0,1
infeasibility-price,fixed-1e6,1600,4,0,172,0,135795,200000,10732342,11196,12,0,108,0,1
infeasibility-price,fixed-1e6,1600,5,0,151,0,97655,200000,10404240,11075,2,0,98,0,1
infeasibility-price,fixed-1e6,1600,6,0,192,0,185810,200000,10600911,11042,8,0,104,0,1
infeasibility-price,fixed-1e6,1600,7,0,132,0,75595,200000,10245314,10315,4,0,99,0,1
infeasibility-price,fixed-1e6,1600,8,0,152,0,116555,200000,10262348,11002,9,0,111,0,1
infeasibility-price,fixed-1e6,1600,9,0,162,0,126145,200000,10582696,11316,4,0,93,0,1
infeasibility-price,fixed-1e6,1600,10,0,206,0,202630,200000,11013720,11319,4,0,107,0,1
infeasibility-price,fixed-1e8,400,1,0,48,0,12870,200000,11178809,8282,46,1,191,0,1
infeasibility-price,fixed-1e8,400,2,0,67,0,18590,200000,11012691,8989,41,1,170,0,1
infeasibility-price,fixed-1e8,400,3,0,52,0,12530,200000,10786475,8667,44,1,186,0,1
infeasibility-price,fixed-1e8,400,4,0,65,0,25495,200000,11830308,8749,40,1,167,0,1
infeasibility-price,fixed-1e8,400,5,0,56,0,15330,200000,11108125,8508,42,1,166,0,1
infeasibility-price,fixed-1e8,400,6,0,64,0,19090,200000,11889676,8585,56,0,215,0,1
infeasibility-price,fixed-1e8,400,7,0,78,0,33620,200000,12357371,8093,41,1,174,0,1
infeasibility-price,fixed-1e8,400,8,0,42,0,8395,200000,11033510,8045,49,1,194,0,1
infeasibility-price,fixed-1e8,400,9,0,47,0,11140,200000,11644837,9004,51,0,198,0,1
infeasibility-price,fixed-1e8,400,10,0,63,0,21805,200000,11461866,8597,44,1,168,0,1
infeasibility-price,fixed-1e8,1600,1,0,143,0,100420,200000,10500406,10861,6,0,112,0,1
infeasibility-price,fixed-1e8,1600,2,0,124,0,70995,200000,10218326,10863,17,0,106,0,1
infeasibility-price,fixed-1e8,1600,3,0,152,0,116345,200000,10465231,10950,9,0,98,0,1
infeasibility-price,fixed-1e8,1600,4,0,145,0,90335,200000,10612134,11371,11,0,96,0,1
infeasibility-price,fixed-1e8,1600,5,0,144,0,104290,200000,10438869,11583,9,0,102,0,1
infeasibility-price,fixed-1e8,1600,6,0,210,0,215675,200000,10612297,11307,3,0,102,0,1
infeasibility-price,fixed-1e8,1600,7,0,134,0,80555,200000,10360179,11188,9,0,102,0,1
infeasibility-price,fixed-1e8,1600,8,0,146,0,102290,200000,10122288,11014,8,0,95,0,1
infeasibility-price,fixed-1e8,1600,9,0,183,0,164000,200000,10563204,11072,13,0,98,0,1
infeasibility-price,fixed-1e8,1600,10,0,189,0,171890,200000,10953644,11311,2,0,94,0,1
restart-threshold,60k,400,1,0,47,0,11455,200000,11097593,8556,29,1,157,0,1
restart-threshold,60k,400,2,0,58,0,17225,200000,11001087,8848,32,2,153,0,1
restart-threshold,60k,400,3,0,52,0,12530,200000,10608477,8749,23,1,151,1,1
restart-threshold,60k,400,4,0,65,0,20450,200000,11775431,8720,27,1,151,0,1
restart-threshold,60k,400,5,0,52,0,13540,200000,11094653,8233,30,1,150,0,1
restart-threshold,60k,400,6,0,59,0,16655,200000,11379966,8182,30,1,161,1,1
restart-threshold,60k,400,7,0,75,0,32510,200000,12168296,8675,32,1,163,1,1
restart-threshold,60k,400,8,0,42,0,8395,200000,10847109,8402,29,1,153,1,1
restart-threshold,60k,400,9,0,48,0,11500,200000,11546171,8610,28,1,151,1,1
restart-threshold,60k,400,10,0,51,0,14110,200000,11310167,8801,33,1,160,0,1
restart-threshold,60k,1600,1,0,149,0,116285,200000,10692431,10982,15,0,119,0,1
restart-threshold,60k,1600,2,0,132,0,78875,200000,10111228,10450,16,1,116,0,1
restart-threshold,60k,1600,3,0,143,0,114880,200000,10606944,11664,17,0,113,0,1
restart-threshold,60k,1600,4,0,172,0,135795,200000,10732342,11234,12,0,108,0,1
restart-threshold,60k,1600,5,0,151,0,97655,200000,10404240,10767,2,0,98,0,1
restart-threshold,60k,1600,6,0,192,0,185810,200000,10600911,10972,8,0,104,0,1
restart-threshold,60k,1600,7,0,132,0,75595,200000,10245314,10736,4,0,99,0,1
restart-threshold,60k,1600,8,0,152,0,116555,200000,10262348,11224,9,0,111,0,1
restart-threshold,60k,1600,9,0,162,0,126145,200000,10582696,11295,4,0,93,0,1
restart-threshold,60k,1600,10,0,206,0,202630,200000,11013720,11106,4,0,107,0,1
restart-threshold,150k,400,1,0,48,0,12870,200000,11178809,8883,46,1,191,0,1
restart-threshold,150k,400,2,0,67,0,18590,200000,11012691,9189,41,1,170,0,1
restart-threshold,150k,400,3,0,52,0,12530,200000,10786475,8655,44,1,186,0,1
restart-threshold,150k,400,4,0,65,0,25495,200000,11830308,8474,40,1,167,0,1
restart-threshold,150k,400,5,0,56,0,15330,200000,11108125,8527,42,1,166,0,1
restart-threshold,150k,400,6,0,62,0,18155,200000,11490605,8513,40,1,171,0,1
restart-threshold,150k,400,7,0,78,0,33620,200000,12357371,8156,41,1,174,0,1
restart-threshold,150k,400,8,0,42,0,8395,200000,11033510,8243,49,1,194,0,1
restart-threshold,150k,400,9,0,47,0,11140,200000,11644837,8786,51,0,198,0,1
restart-threshold,150k,400,10,0,72,0,28710,200000,11478053,8766,41,1,170,0,1
restart-threshold,150k,1600,1,0,149,0,116285,200000,10692431,11066,15,0,119,0,1
restart-threshold,150k,1600,2,0,132,0,78875,200000,10099512,10877,17,0,116,0,1
restart-threshold,150k,1600,3,0,143,0,114880,200000,10606944,11165,17,0,113,0,1
restart-threshold,150k,1600,4,0,172,0,135795,200000,10732342,10855,12,0,108,0,1
restart-threshold,150k,1600,5,0,151,0,97655,200000,10404240,10972,2,0,98,0,1
restart-threshold,150k,1600,6,0,192,0,185810,200000,10600911,11046,8,0,104,0,1
restart-threshold,150k,1600,7,0,132,0,75595,200000,10245314,10308,4,0,99,0,1
restart-threshold,150k,1600,8,0,152,0,116555,200000,10262348,10758,9,0,111,0,1
restart-threshold,150k,1600,9,0,162,0,126145,200000,10582696,11306,4,0,93,0,1
restart-threshold,150k,1600,10,0,206,0,202630,200000,11013720,11504,4,0,107,0,1
restart-threshold,400k,400,1,0,48,0,12870,200000,11201089,8411,52,0,204,0,1
restart-threshold,400k,400,2,0,66,0,21955,200000,11221630,9241,61,0,209,0,1
restart-threshold,400k,400,3,0,52,0,12530,200000,10788109,8535,49,0,198,0,1
restart-threshold,400k,400,4,0,65,0,25495,200000,11911206,8663,51,0,194,0,1
restart-threshold,400k,400,5,0,56,0,15330,200000,11261191,8376,56,0,199,0,1
restart-threshold,400k,400,6,0,62,0,18155,200000,11772958,8162,56,0,206,0,1
restart-threshold,400k,400,7,0,78,0,33620,200000,12652795,8686,57,0,212,0,1
restart-threshold,400k,400,8,0,42,0,8395,200000,11008348,8061,50,0,196,0,1
restart-threshold,400k,400,9,0,47,0,11140,200000,11644837,8664,51,0,198,0,1
restart-threshold,400k,400,10,0,72,0,28710,200000,11606201,8612,57,0,207,0,1
restart-threshold,400k,1600,1,0,149,0,116285,200000,10692431,10685,15,0,119,0,1
restart-threshold,400k,1600,2,0,132,0,78875,200000,10099512,10610,17,0,116,0,1
restart-threshold,400k,1600,3,0,143,0,114880,200000,10606944,11379,17,0,113,0,1
restart-threshold,400k,1600,4,0,172,0,135795,200000,10732342,11040,12,0,108,0,1
restart-threshold,400k,1600,5,0,151,0,97655,200000,10404240,10886,2,0,98,0,1
restart-threshold,400k,1600,6,0,192,0,185810,200000,10600911,11320,8,0,104,0,1
restart-threshold,400k,1600,7,0,132,0,75595,200000,10245314,10293,4,0,99,0,1
restart-threshold,400k,1600,8,0,152,0,116555,200000,10262348,11396,9,0,111,0,1
restart-threshold,400k,1600,9,0,162,0,126145,200000,10582696,11521,4,0,93,0,1
restart-threshold,400k,1600,10,0,206,0,202630,200000,11013720,11334,4,0,107,0,1
restart-threshold,1200k,400,1,0,48,0,12870,200000,11201089,8992,52,0,204,0,1
restart-threshold,1200k,400,2,0,66,0,21955,200000,11221630,8918,61,0,209,0,1
restart-threshold,1200k,400,3,0,52,0,12530,200000,10788109,8420,49,0,198,0,1
restart-threshold,1200k,400,4,0,65,0,25495,200000,11911206,8832,51,0,194,0,1
restart-threshold,1200k,400,5,0,56,0,15330,200000,11261191,8507,56,0,199,0,1
restart-threshold,1200k,400,6,0,62,0,18155,200000,11772958,8479,56,0,206,0,1
restart-threshold,1200k,400,7,0,78,0,33620,200000,12652795,8760,57,0,212,0,1
restart-threshold,1200k,400,8,0,42,0,8395,200000,11008348,8752,50,0,196,0,1
restart-threshold,1200k,400,9,0,47,0,11140,200000,11644837,8697,51,0,198,0,1
restart-threshold,1200k,400,10,0,72,0,28710,200000,11606201,8427,57,0,207,0,1
restart-threshold,1200k,1600,1,0,149,0,116285,200000,10692431,11019,15,0,119,0,1
restart-threshold,1200k,1600,2,0,132,0,78875,200000,10099512,10561,17,0,116,0,1
restart-threshold,1200k,1600,3,0,143,0,114880,200000,10606944,11115,17,0,113,0,1
restart-threshold,1200k,1600,4,0,172,0,135795,200000,10732342,11802,12,0,108,0,1
restart-threshold,1200k,1600,5,0,151,0,97655,200000,10404240,11304,2,0,98,0,1
restart-threshold,1200k,1600,6,0,192,0,185810,200000,10600911,11003,8,0,104,0,1
restart-threshold,1200k,1600,7,0,132,0,75595,200000,10245314,10489,4,0,99,0,1
restart-threshold,1200k,1600,8,0,152,0,116555,200000,10262348,10881,9,0,111,0,1
restart-threshold,1200k,1600,9,0,162,0,126145,200000,10582696,11493,4,0,93,0,1
restart-threshold,1200k,1600,10,0,206,0,202630,200000,11013720,10819,4,0,107,0,1
