n,engine,lahc_length,seed,bucket_width,bucket,age_lo,age_over_l,total,uphill_offered,uphill_accepted
400,lahc,100,1,12,0,0,0,30480,21177,1582
400,lahc,100,1,12,1,12,0.12,11999,7931,173
400,lahc,100,1,12,2,24,0.24,7559,4947,81
400,lahc,100,1,12,3,36,0.36,5830,3822,41
400,lahc,100,1,12,4,48,0.48,4612,2936,36
400,lahc,100,1,12,5,60,0.6,3927,2568,15
400,lahc,100,1,12,6,72,0.72,3468,2258,19
400,lahc,100,1,12,7,84,0.84,3058,1993,12
400,lahc,100,1,12,8,96,0.96,2741,1824,8
400,lahc,100,1,12,9,108,1.08,2607,1692,6
400,lahc,100,1,12,10,120,1.2,2419,1534,5
400,lahc,100,1,12,11,132,1.32,2231,1450,4
400,lahc,100,1,12,12,144,1.44,2119,1366,5
400,lahc,100,1,12,13,156,1.56,2021,1269,1
400,lahc,100,1,12,14,168,1.68,1920,1235,4
400,lahc,100,1,12,15,180,1.8,1856,1211,2
400,lahc,100,1,12,16,192,1.92,1771,1146,4
400,lahc,100,1,12,17,204,2.04,1710,1113,1
400,lahc,100,1,12,18,216,2.16,1657,1059,0
400,lahc,100,1,12,19,228,2.28,1615,1043,0
400,lahc,100,1,12,20,240,2.4,1558,1020,1
400,lahc,100,1,12,21,252,2.52,1480,972,2
400,lahc,100,1,12,22,264,2.64,1423,929,1
400,lahc,100,1,12,23,276,2.76,1401,914,0
400,lahc,100,1,12,24,288,2.88,1381,918,1
400,lahc,100,1,12,25,300,3,1356,868,0
400,lahc,100,1,12,26,312,3.12,1305,843,0
400,lahc,100,1,12,27,324,3.24,1257,838,1
400,lahc,100,1,12,28,336,3.36,1236,778,0
400,lahc,100,1,12,29,348,3.48,1229,817,0
400,lahc,100,1,12,30,360,3.6,1197,783,0
400,lahc,100,1,12,31,372,3.72,1166,758,0
400,lahc,100,1,12,32,384,3.84,1164,757,0
400,lahc,100,1,12,33,396,3.96,1149,761,1
400,lahc,100,1,12,34,408,4.08,1115,748,0
400,lahc,100,1,12,35,420,4.2,1104,743,0
400,lahc,100,1,12,36,432,4.32,1093,699,0
400,lahc,100,1,12,37,444,4.44,1049,684,1
400,lahc,100,1,12,38,456,4.56,1042,715,0
400,lahc,100,1,12,39,468,4.68,1020,670,0
400,lahc,100,1,12,40,480,4.8,1018,651,0
400,lahc,100,1,12,41,492,4.92,1002,678,1
400,lahc,100,1,12,42,504,5.04,996,644,0
400,lahc,100,1,12,43,516,5.16,996,687,0
400,lahc,100,1,12,44,528,5.28,990,649,0
400,lahc,100,1,12,45,540,5.4,973,644,0
400,lahc,100,1,12,46,552,5.52,946,603,0
400,lahc,100,1,12,47,564,5.64,936,593,0
400,lahc,100,1,12,48,576,5.76,925,594,0
400,lahc,100,1,12,49,588,5.88,924,591,0
400,lahc,100,1,12,50,600,6,912,586,0
400,lahc,100,1,12,51,612,6.12,901,599,0
400,lahc,100,1,12,52,624,6.24,888,601,0
400,lahc,100,1,12,53,636,6.36,888,552,0
400,lahc,100,1,12,54,648,6.48,880,568,0
400,lahc,100,1,12,55,660,6.6,870,532,0
400,lahc,100,1,12,56,672,6.72,864,556,0
400,lahc,100,1,12,57,684,6.84,864,571,0
400,lahc,100,1,12,58,696,6.96,864,550,0
400,lahc,100,1,12,59,708,7.08,853,561,0
400,lahc,100,1,12,60,720,7.2,844,533,0
400,lahc,100,1,12,61,732,7.32,836,563,0
400,lahc,100,1,12,62,744,7.44,825,537,0
400,lahc,100,1,12,63,756,7.56,258680,170321,1
400,lahc,100,2,12,0,0,0,28979,20180,1484
400,lahc,100,2,12,1,12,0.12,10688,7095,210
400,lahc,100,2,12,2,24,0.24,6543,4262,66
400,lahc,100,2,12,3,36,0.36,4856,3132,37
400,lahc,100,2,12,4,48,0.48,3851,2518,21
400,lahc,100,2,12,5,60,0.6,3259,2099,15
400,lahc,100,2,12,6,72,0.72,2866,1866,10
400,lahc,100,2,12,7,84,0.84,2566,1605,9
400,lahc,100,2,12,8,96,0.96,2424,1603,5
400,lahc,100,2,12,9,108,1.08,2225,1405,6
400,lahc,100,2,12,10,120,1.2,2062,1245,6
400,lahc,100,2,12,11,132,1.32,1929,1236,3
400,lahc,100,2,12,12,144,1.44,1850,1158,3
400,lahc,100,2,12,13,156,1.56,1762,1079,1
400,lahc,100,2,12,14,168,1.68,1694,1089,2
400,lahc,100,2,12,15,180,1.8,1593,1010,3
400,lahc,100,2,12,16,192,1.92,1472,946,2
400,lahc,100,2,12,17,204,2.04,1371,897,1
400,lahc,100,2,12,18,216,2.16,1333,831,0
400,lahc,100,2,12,19,228,2.28,1305,809,0
400,lahc,100,2,12,20,240,2.4,1256,796,2
400,lahc,100,2,12,21,252,2.52,1185,776,2
400,lahc,100,2,12,22,264,2.64,1116,689,1
400,lahc,100,2,12,23,276,2.76,1090,698,1
400,lahc,100,2,12,24,288,2.88,1059,666,0
400,lahc,100,2,12,25,300,3,1037,656,0
400,lahc,100,2,12,26,312,3.12,1024,678,0
400,lahc,100,2,12,27,324,3.24,994,624,1
400,lahc,100,2,12,28,336,3.36,960,618,0
400,lahc,100,2,12,29,348,3.48,960,646,0
400,lahc,100,2,12,30,360,3.6,940,595,0
400,lahc,100,2,12,31,372,3.72,914,602,0
400,lahc,100,2,12,32,384,3.84,887,561,0
400,lahc,100,2,12,33,396,3.96,866,542,0
400,lahc,100,2,12,34,408,4.08,853,534,0
400,lahc,100,2,12,35,420,4.2,838,539,0
400,lahc,100,2,12,36,432,4.32,816,526,0
400,lahc,100,2,12,37,444,4.44,816,545,0
400,lahc,100,2,12,38,456,4.56,806,524,0
400,lahc,100,2,12,39,468,4.68,804,508,0
400,lahc,100,2,12,40,480,4.8,795,517,0
400,lahc,100,2,12,41,492,4.92,791,501,0
400,lahc,100,2,12,42,504,5.04,780,518,0
400,lahc,100,2,12,43,516,5.16,780,514,0
400,lahc,100,2,12,44,528,5.28,779,494,1
400,lahc,100,2,12,45,540,5.4,768,484,0
400,lahc,100,2,12,46,552,5.52,768,494,0
400,lahc,100,2,12,47,564,5.64,763,469,0
400,lahc,100,2,12,48,576,5.76,750,502,0
400,lahc,100,2,12,49,588,5.88,735,462,0
400,lahc,100,2,12,50,600,6,720,452,0
400,lahc,100,2,12,51,612,6.12,704,440,1
400,lahc,100,2,12,52,624,6.24,684,448,0
400,lahc,100,2,12,53,636,6.36,670,434,1
400,lahc,100,2,12,54,648,6.48,660,423,0
400,lahc,100,2,12,55,660,6.6,660,414,0
400,lahc,100,2,12,56,672,6.72,648,447,0
400,lahc,100,2,12,57,684,6.84,635,408,0
400,lahc,100,2,12,58,696,6.96,624,416,0
400,lahc,100,2,12,59,708,7.08,624,425,0
400,lahc,100,2,12,60,720,7.2,623,420,0
400,lahc,100,2,12,61,732,7.32,612,393,0
400,lahc,100,2,12,62,744,7.44,612,391,0
400,lahc,100,2,12,63,756,7.56,279966,179912,0
400,lahc,100,3,12,0,0,0,30885,21388,1661
400,lahc,100,3,12,1,12,0.12,11557,7591,176
400,lahc,100,3,12,2,24,0.24,7870,5094,61
400,lahc,100,3,12,3,36,0.36,6137,3984,38
400,lahc,100,3,12,4,48,0.48,5200,3385,23
400,lahc,100,3,12,5,60,0.6,4599,3027,17
400,lahc,100,3,12,6,72,0.72,4156,2748,20
400,lahc,100,3,12,7,84,0.84,3693,2404,17
400,lahc,100,3,12,8,96,0.96,3285,2179,10
400,lahc,100,3,12,9,108,1.08,3046,1993,3
400,lahc,100,3,12,10,120,1.2,2798,1852,7
400,lahc,100,3,12,11,132,1.32,2617,1678,6
400,lahc,100,3,12,12,144,1.44,2458,1636,2
400,lahc,100,3,12,13,156,1.56,2342,1529,1
400,lahc,100,3,12,14,168,1.68,2234,1463,5
400,lahc,100,3,12,15,180,1.8,2102,1392,5
400,lahc,100,3,12,16,192,1.92,1964,1273,4
400,lahc,100,3,12,17,204,2.04,1870,1197,0
400,lahc,100,3,12,18,216,2.16,1809,1189,1
400,lahc,100,3,12,19,228,2.28,1734,1150,1
400,lahc,100,3,12,20,240,2.4,1705,1141,0
400,lahc,100,3,12,21,252,2.52,1666,1096,0
400,lahc,100,3,12,22,264,2.64,1634,1043,3
400,lahc,100,3,12,23,276,2.76,1544,1021,5
400,lahc,100,3,12,24,288,2.88,1467,935,1
400,lahc,100,3,12,25,300,3,1425,927,1
400,lahc,100,3,12,26,312,3.12,1400,898,0
400,lahc,100,3,12,27,324,3.24,1339,882,2
400,lahc,100,3,12,28,336,3.36,1305,856,1
400,lahc,100,3,12,29,348,3.48,1250,783,1
400,lahc,100,3,12,30,360,3.6,1202,761,0
400,lahc,100,3,12,31,372,3.72,1171,783,1
400,lahc,100,3,12,32,384,3.84,1136,735,0
400,lahc,100,3,12,33,396,3.96,1117,724,0
400,lahc,100,3,12,34,408,4.08,1082,701,1
400,lahc,100,3,12,35,420,4.2,1062,684,0
400,lahc,100,3,12,36,432,4.32,1034,684,1
400,lahc,100,3,12,37,444,4.44,1004,655,0
400,lahc,100,3,12,38,456,4.56,979,646,2
400,lahc,100,3,12,39,468,4.68,958,607,0
400,lahc,100,3,12,40,480,4.8,940,594,0
400,lahc,100,3,12,41,492,4.92,926,589,0
400,lahc,100,3,12,42,504,5.04,901,568,1
400,lahc,100,3,12,43,516,5.16,870,601,0
400,lahc,100,3,12,44,528,5.28,845,539,0
400,lahc,100,3,12,45,540,5.4,828,564,0
400,lahc,100,3,12,46,552,5.52,812,510,0
400,lahc,100,3,12,47,564,5.64,802,526,0
400,lahc,100,3,12,48,576,5.76,792,499,0
400,lahc,100,3,12,49,588,5.88,784,503,0
400,lahc,100,3,12,50,600,6,780,500,0
400,lahc,100,3,12,51,612,6.12,770,509,0
400,lahc,100,3,12,52,624,6.24,750,486,0
400,lahc,100,3,12,53,636,6.36,736,485,0
400,lahc,100,3,12,54,648,6.48,703,443,0
400,lahc,100,3,12,55,660,6.6,696,472,0
400,lahc,100,3,12,56,672,6.72,696,476,0
400,lahc,100,3,12,57,684,6.84,689,441,1
400,lahc,100,3,12,58,696,6.96,674,437,0
400,lahc,100,3,12,59,708,7.08,672,436,1
400,lahc,100,3,12,60,720,7.2,660,434,0
400,lahc,100,3,12,61,732,7.32,660,440,0
400,lahc,100,3,12,62,744,7.44,643,406,0
400,lahc,100,3,12,63,756,7.56,254535,163823,1
400,lahc,100,4,12,0,0,0,30297,21369,1502
400,lahc,100,4,12,1,12,0.12,12211,8386,191
400,lahc,100,4,12,2,24,0.24,8202,5567,86
400,lahc,100,4,12,3,36,0.36,6356,4241,38
400,lahc,100,4,12,4,48,0.48,5287,3485,25
400,lahc,100,4,12,5,60,0.6,4595,3042,20
400,lahc,100,4,12,6,72,0.72,4019,2665,22
400,lahc,100,4,12,7,84,0.84,3564,2374,14
400,lahc,100,4,12,8,96,0.96,3281,2211,7
400,lahc,100,4,12,9,108,1.08,3062,2070,6
400,lahc,100,4,12,10,120,1.2,2895,1917,4
400,lahc,100,4,12,11,132,1.32,2766,1831,9
400,lahc,100,4,12,12,144,1.44,2582,1723,8
400,lahc,100,4,12,13,156,1.56,2401,1597,3
400,lahc,100,4,12,14,168,1.68,2293,1559,5
400,lahc,100,4,12,15,180,1.8,2191,1484,1
400,lahc,100,4,12,16,192,1.92,2101,1408,4
400,lahc,100,4,12,17,204,2.04,2000,1363,0
400,lahc,100,4,12,18,216,2.16,1916,1257,2
400,lahc,100,4,12,19,228,2.28,1824,1209,2
400,lahc,100,4,12,20,240,2.4,1773,1181,1
400,lahc,100,4,12,21,252,2.52,1703,1141,5
400,lahc,100,4,12,22,264,2.64,1615,1070,0
400,lahc,100,4,12,23,276,2.76,1589,1087,0
400,lahc,100,4,12,24,288,2.88,1520,1044,2
400,lahc,100,4,12,25,300,3,1460,959,3
400,lahc,100,4,12,26,312,3.12,1410,953,1
400,lahc,100,4,12,27,324,3.24,1378,906,1
400,lahc,100,4,12,28,336,3.36,1327,882,1
400,lahc,100,4,12,29,348,3.48,1291,869,1
400,lahc,100,4,12,30,360,3.6,1272,856,0
400,lahc,100,4,12,31,372,3.72,1263,856,0
400,lahc,100,4,12,32,384,3.84,1218,838,1
400,lahc,100,4,12,33,396,3.96,1183,809,1
400,lahc,100,4,12,34,408,4.08,1176,776,0
400,lahc,100,4,12,35,420,4.2,1159,786,1
400,lahc,100,4,12,36,432,4.32,1116,746,0
400,lahc,100,4,12,37,444,4.44,1089,736,1
400,lahc,100,4,12,38,456,4.56,1080,729,0
400,lahc,100,4,12,39,468,4.68,1049,714,0
400,lahc,100,4,12,40,480,4.8,1015,670,1
400,lahc,100,4,12,41,492,4.92,1006,679,0
400,lahc,100,4,12,42,504,5.04,983,662,0
400,lahc,100,4,12,43,516,5.16,962,647,0
400,lahc,100,4,12,44,528,5.28,932,618,1
400,lahc,100,4,12,45,540,5.4,911,616,1
400,lahc,100,4,12,46,552,5.52,871,579,1
400,lahc,100,4,12,47,564,5.64,847,568,0
400,lahc,100,4,12,48,576,5.76,829,562,0
400,lahc,100,4,12,49,588,5.88,812,517,0
400,lahc,100,4,12,50,600,6,804,544,0
400,lahc,100,4,12,51,612,6.12,791,537,0
400,lahc,100,4,12,52,624,6.24,780,518,0
400,lahc,100,4,12,53,636,6.36,776,530,0
400,lahc,100,4,12,54,648,6.48,758,495,0
400,lahc,100,4,12,55,660,6.6,745,500,0
400,lahc,100,4,12,56,672,6.72,739,503,0
400,lahc,100,4,12,57,684,6.84,732,500,0
400,lahc,100,4,12,58,696,6.96,720,497,0
400,lahc,100,4,12,59,708,7.08,717,480,0
400,lahc,100,4,12,60,720,7.2,695,470,1
400,lahc,100,4,12,61,732,7.32,684,461,0
400,lahc,100,4,12,62,744,7.44,680,478,0
400,lahc,100,4,12,63,756,7.56,250697,170339,0
400,lahc,100,5,12,0,0,0,28603,19746,1418
400,lahc,100,5,12,1,12,0.12,11198,7379,186
400,lahc,100,5,12,2,24,0.24,7121,4611,57
400,lahc,100,5,12,3,36,0.36,5292,3456,53
400,lahc,100,5,12,4,48,0.48,4211,2774,21
400,lahc,100,5,12,5,60,0.6,3534,2252,19
400,lahc,100,5,12,6,72,0.72,3186,2077,8
400,lahc,100,5,12,7,84,0.84,2939,1915,8
400,lahc,100,5,12,8,96,0.96,2743,1761,9
400,lahc,100,5,12,9,108,1.08,2542,1658,3
400,lahc,100,5,12,10,120,1.2,2362,1543,3
400,lahc,100,5,12,11,132,1.32,2223,1440,3
400,lahc,100,5,12,12,144,1.44,2097,1377,6
400,lahc,100,5,12,13,156,1.56,1981,1322,2
400,lahc,100,5,12,14,168,1.68,1895,1246,2
400,lahc,100,5,12,15,180,1.8,1832,1210,3
400,lahc,100,5,12,16,192,1.92,1759,1148,1
400,lahc,100,5,12,17,204,2.04,1696,1114,2
400,lahc,100,5,12,18,216,2.16,1627,1045,1
400,lahc,100,5,12,19,228,2.28,1582,1041,3
400,lahc,100,5,12,20,240,2.4,1512,1000,3
400,lahc,100,5,12,21,252,2.52,1446,935,2
400,lahc,100,5,12,22,264,2.64,1410,921,1
400,lahc,100,5,12,23,276,2.76,1353,906,1
400,lahc,100,5,12,24,288,2.88,1320,879,1
400,lahc,100,5,12,25,300,3,1299,853,0
400,lahc,100,5,12,26,312,3.12,1285,830,1
400,lahc,100,5,12,27,324,3.24,1225,763,1
400,lahc,100,5,12,28,336,3.36,1197,775,0
400,lahc,100,5,12,29,348,3.48,1128,733,1
400,lahc,100,5,12,30,360,3.6,1083,724,0
400,lahc,100,5,12,31,372,3.72,1075,711,0
400,lahc,100,5,12,32,384,3.84,1068,721,0
400,lahc,100,5,12,33,396,3.96,1068,690,0
400,lahc,100,5,12,34,408,4.08,1054,654,0
400,lahc,100,5,12,35,420,4.2,1035,697,0
400,lahc,100,5,12,36,432,4.32,1013,667,1
400,lahc,100,5,12,37,444,4.44,985,602,1
400,lahc,100,5,12,38,456,4.56,960,610,0
400,lahc,100,5,12,39,468,4.68,953,633,0
400,lahc,100,5,12,40,480,4.8,925,599,1
400,lahc,100,5,12,41,492,4.92,893,586,0
400,lahc,100,5,12,42,504,5.04,871,564,0
400,lahc,100,5,12,43,516,5.16,827,529,1
400,lahc,100,5,12,44,528,5.28,808,549,0
400,lahc,100,5,12,45,540,5.4,804,529,0
400,lahc,100,5,12,46,552,5.52,804,518,0
400,lahc,100,5,12,47,564,5.64,799,526,0
400,lahc,100,5,12,48,576,5.76,784,526,0
400,lahc,100,5,12,49,588,5.88,780,500,0
400,lahc,100,5,12,50,600,6,780,492,0
400,lahc,100,5,12,51,612,6.12,768,505,0
400,lahc,100,5,12,52,624,6.24,752,503,1
400,lahc,100,5,12,53,636,6.36,737,486,0
400,lahc,100,5,12,54,648,6.48,729,481,0
400,lahc,100,5,12,55,660,6.6,720,468,0
400,lahc,100,5,12,56,672,6.72,716,486,0
400,lahc,100,5,12,57,684,6.84,681,432,0
400,lahc,100,5,12,58,696,6.96,660,427,0
400,lahc,100,5,12,59,708,7.08,658,431,0
400,lahc,100,5,12,60,720,7.2,639,400,0
400,lahc,100,5,12,61,732,7.32,624,392,0
400,lahc,100,5,12,62,744,7.44,612,402,0
400,lahc,100,5,12,63,756,7.56,268737,176718,0
400,lahc,1000,1,125,0,0,0,378691,240769,16399
400,lahc,1000,1,125,1,125,0.125,16015,10093,47
400,lahc,1000,1,125,2,250,0.25,4073,2594,10
400,lahc,1000,1,125,3,375,0.375,923,603,1
400,lahc,1000,1,125,4,500,0.5,220,139,0
400,lahc,1000,1,125,5,625,0.625,78,57,0
400,lahc,1000,2,125,0,0,0,372858,235391,14842
400,lahc,1000,2,125,1,125,0.125,19357,12166,65
400,lahc,1000,2,125,2,250,0.25,5215,3299,11
400,lahc,1000,2,125,3,375,0.375,1767,1084,5
400,lahc,1000,2,125,4,500,0.5,663,433,0
400,lahc,1000,2,125,5,625,0.625,130,78,0
400,lahc,1000,2,125,6,750,0.75,10,7,0
400,lahc,1000,3,125,0,0,0,372959,232912,15949
400,lahc,1000,3,125,1,125,0.125,18950,11980,53
400,lahc,1000,3,125,2,250,0.25,5041,3199,16
400,lahc,1000,3,125,3,375,0.375,1855,1195,3
400,lahc,1000,3,125,4,500,0.5,708,435,1
400,lahc,1000,3,125,5,625,0.625,354,217,0
400,lahc,1000,3,125,6,750,0.75,125,82,0
400,lahc,1000,3,125,7,875,0.875,8,5,0
400,lahc,1000,4,125,0,0,0,383921,253554,16659
400,lahc,1000,4,125,1,125,0.125,12519,8242,53
400,lahc,1000,4,125,2,250,0.25,2298,1487,6
400,lahc,1000,4,125,3,375,0.375,783,506,2
400,lahc,1000,4,125,4,500,0.5,253,166,0
400,lahc,1000,4,125,5,625,0.625,129,71,0
400,lahc,1000,4,125,6,750,0.75,97,69,1
400,lahc,1000,5,125,0,0,0,375040,238110,14849
400,lahc,1000,5,125,1,125,0.125,17991,11324,65
400,lahc,1000,5,125,2,250,0.25,3886,2409,9
400,lahc,1000,5,125,3,375,0.375,1410,861,0
400,lahc,1000,5,125,4,500,0.5,785,485,3
400,lahc,1000,5,125,5,625,0.625,358,207,2
400,lahc,1000,5,125,6,750,0.75,250,161,0
400,lahc,1000,5,125,7,875,0.875,207,126,1
400,lahc,1000,5,125,8,1000,1,73,47,1
400,lahc,5000,1,625,0,0,0,400000,248229,42973
400,lahc,5000,2,625,0,0,0,400000,248649,38700
400,lahc,5000,3,625,0,0,0,400000,242901,42569
400,lahc,5000,4,625,0,0,0,400000,254997,43701
400,lahc,5000,5,625,0,0,0,400000,248116,40126
400,lahc,15000,1,1875,0,0,0,400000,236230,65957
400,lahc,15000,2,1875,0,0,0,400000,239884,56526
400,lahc,15000,3,1875,0,0,0,400000,232468,62789
400,lahc,15000,4,1875,0,0,0,400000,246791,65404
400,lahc,15000,5,1875,0,0,0,400000,236532,60154
400,dlas,100,1,12,0,0,0,399582,229002,96290
400,dlas,100,1,12,1,12,0.12,403,219,32
400,dlas,100,1,12,2,24,0.24,15,9,2
400,dlas,100,2,12,0,0,0,398718,234092,84558
400,dlas,100,2,12,1,12,0.12,1252,746,99
400,dlas,100,2,12,2,24,0.24,29,22,1
400,dlas,100,2,12,3,36,0.36,1,0,0
400,dlas,100,3,12,0,0,0,399346,224687,90458
400,dlas,100,3,12,1,12,0.12,634,350,42
400,dlas,100,3,12,2,24,0.24,20,12,1
400,dlas,100,4,12,0,0,0,399226,234067,93016
400,dlas,100,4,12,1,12,0.12,763,460,73
400,dlas,100,4,12,2,24,0.24,11,4,2
400,dlas,100,5,12,0,0,0,398996,232431,87593
400,dlas,100,5,12,1,12,0.12,982,583,88
400,dlas,100,5,12,2,24,0.24,22,14,1
400,dlas,1000,1,125,0,0,0,400000,226207,113921
400,dlas,1000,2,125,0,0,0,400000,223646,97610
400,dlas,1000,3,125,0,0,0,400000,228273,107431
400,dlas,1000,4,125,0,0,0,400000,233956,110240
400,dlas,1000,5,125,0,0,0,400000,230337,105897
400,dlas,5000,1,625,0,0,0,400000,233211,114153
400,dlas,5000,2,625,0,0,0,400000,222862,98856
400,dlas,5000,3,625,0,0,0,400000,220720,108699
400,dlas,5000,4,625,0,0,0,400000,233130,110925
400,dlas,5000,5,625,0,0,0,400000,228555,107430
400,dlas,15000,1,1875,0,0,0,400000,232856,114517
400,dlas,15000,2,1875,0,0,0,400000,224982,99148
400,dlas,15000,3,1875,0,0,0,400000,220251,108477
400,dlas,15000,4,1875,0,0,0,400000,233685,110373
400,dlas,15000,5,1875,0,0,0,400000,228390,107706
400,schc,100,1,12,0,0,0,12793,9511,803
400,schc,100,1,12,1,12,0.12,4880,3429,70
400,schc,100,1,12,2,24,0.24,3218,2204,22
400,schc,100,1,12,3,36,0.36,2454,1619,19
400,schc,100,1,12,4,48,0.48,2001,1364,4
400,schc,100,1,12,5,60,0.6,1741,1145,2
400,schc,100,1,12,6,72,0.72,1555,1052,2
400,schc,100,1,12,7,84,0.84,1395,911,0
400,schc,100,1,12,8,96,0.96,1333,890,0
400,schc,100,1,12,9,108,1.08,1224,790,0
400,schc,100,1,12,10,120,1.2,1131,728,0
400,schc,100,1,12,11,132,1.32,1062,716,0
400,schc,100,1,12,12,144,1.44,996,638,0
400,schc,100,1,12,13,156,1.56,953,606,0
400,schc,100,1,12,14,168,1.68,932,604,0
400,schc,100,1,12,15,180,1.8,893,568,0
400,schc,100,1,12,16,192,1.92,855,556,0
400,schc,100,1,12,17,204,2.04,842,569,0
400,schc,100,1,12,18,216,2.16,828,540,0
400,schc,100,1,12,19,228,2.28,810,519,0
400,schc,100,1,12,20,240,2.4,794,521,0
400,schc,100,1,12,21,252,2.52,760,488,0
400,schc,100,1,12,22,264,2.64,718,472,0
400,schc,100,1,12,23,276,2.76,696,468,0
400,schc,100,1,12,24,288,2.88,676,441,0
400,schc,100,1,12,25,300,3,672,421,0
400,schc,100,1,12,26,312,3.12,672,426,0
400,schc,100,1,12,27,324,3.24,669,432,0
400,schc,100,1,12,28,336,3.36,648,415,0
400,schc,100,1,12,29,348,3.48,630,396,0
400,schc,100,1,12,30,360,3.6,624,407,0
400,schc,100,1,12,31,372,3.72,624,393,0
400,schc,100,1,12,32,384,3.84,624,397,0
400,schc,100,1,12,33,396,3.96,620,402,0
400,schc,100,1,12,34,408,4.08,612,405,0
400,schc,100,1,12,35,420,4.2,612,399,0
400,schc,100,1,12,36,432,4.32,612,408,0
400,schc,100,1,12,37,444,4.44,600,380,0
400,schc,100,1,12,38,456,4.56,577,361,0
400,schc,100,1,12,39,468,4.68,576,382,0
400,schc,100,1,12,40,480,4.8,568,366,0
400,schc,100,1,12,41,492,4.92,564,370,0
400,schc,100,1,12,42,504,5.04,564,366,0
400,schc,100,1,12,43,516,5.16,540,340,0
400,schc,100,1,12,44,528,5.28,524,321,0
400,schc,100,1,12,45,540,5.4,514,325,0
400,schc,100,1,12,46,552,5.52,504,310,0
400,schc,100,1,12,47,564,5.64,504,319,0
400,schc,100,1,12,48,576,5.76,504,296,0
400,schc,100,1,12,49,588,5.88,504,329,0
400,schc,100,1,12,50,600,6,504,337,0
400,schc,100,1,12,51,612,6.12,498,333,0
400,schc,100,1,12,52,624,6.24,492,290,0
400,schc,100,1,12,53,636,6.36,492,313,0
400,schc,100,1,12,54,648,6.48,480,306,0
400,schc,100,1,12,55,660,6.6,480,306,0
400,schc,100,1,12,56,672,6.72,473,295,0
400,schc,100,1,12,57,684,6.84,456,291,0
400,schc,100,1,12,58,696,6.96,456,295,0
400,schc,100,1,12,59,708,7.08,456,287,0
400,schc,100,1,12,60,720,7.2,456,294,0
400,schc,100,1,12,61,732,7.32,456,285,0
400,schc,100,1,12,62,744,7.44,456,292,0
400,schc,100,1,12,63,756,7.56,333643,212405,0
400,schc,100,2,12,0,0,0,10561,7896,477
400,schc,100,2,12,1,12,0.12,4824,3474,89
400,schc,100,2,12,2,24,0.24,3198,2261,29
400,schc,100,2,12,3,36,0.36,2417,1693,9
400,schc,100,2,12,4,48,0.48,1955,1327,6
400,schc,100,2,12,5,60,0.6,1752,1177,3
400,schc,100,2,12,6,72,0.72,1520,1052,1
400,schc,100,2,12,7,84,0.84,1453,978,0
400,schc,100,2,12,8,96,0.96,1395,969,0
400,schc,100,2,12,9,108,1.08,1337,898,0
400,schc,100,2,12,10,120,1.2,1307,874,0
400,schc,100,2,12,11,132,1.32,1288,897,0
400,schc,100,2,12,12,144,1.44,1233,827,0
400,schc,100,2,12,13,156,1.56,1198,826,0
400,schc,100,2,12,14,168,1.68,1180,806,0
400,schc,100,2,12,15,180,1.8,1160,790,0
400,schc,100,2,12,16,192,1.92,1150,784,0
400,schc,100,2,12,17,204,2.04,1137,752,0
400,schc,100,2,12,18,216,2.16,1119,743,0
400,schc,100,2,12,19,228,2.28,1088,726,0
400,schc,100,2,12,20,240,2.4,1069,710,0
400,schc,100,2,12,21,252,2.52,1066,748,0
400,schc,100,2,12,22,264,2.64,1032,720,0
400,schc,100,2,12,23,276,2.76,1006,659,0
400,schc,100,2,12,24,288,2.88,982,654,0
400,schc,100,2,12,25,300,3,956,636,0
400,schc,100,2,12,26,312,3.12,924,620,0
400,schc,100,2,12,27,324,3.24,917,603,0
400,schc,100,2,12,28,336,3.36,912,620,0
400,schc,100,2,12,29,348,3.48,912,592,0
400,schc,100,2,12,30,360,3.6,895,595,0
400,schc,100,2,12,31,372,3.72,853,590,0
400,schc,100,2,12,32,384,3.84,842,564,0
400,schc,100,2,12,33,396,3.96,822,546,0
400,schc,100,2,12,34,408,4.08,816,562,0
400,schc,100,2,12,35,420,4.2,803,543,0
400,schc,100,2,12,36,432,4.32,782,542,0
400,schc,100,2,12,37,444,4.44,780,530,0
400,schc,100,2,12,38,456,4.56,780,527,0
400,schc,100,2,12,39,468,4.68,776,526,0
400,schc,100,2,12,40,480,4.8,768,507,0
400,schc,100,2,12,41,492,4.92,759,509,0
400,schc,100,2,12,42,504,5.04,748,521,0
400,schc,100,2,12,43,516,5.16,720,490,0
400,schc,100,2,12,44,528,5.28,708,482,0
400,schc,100,2,12,45,540,5.4,708,461,0
400,schc,100,2,12,46,552,5.52,697,480,0
400,schc,100,2,12,47,564,5.64,696,479,0
400,schc,100,2,12,48,576,5.76,681,458,0
400,schc,100,2,12,49,588,5.88,672,451,0
400,schc,100,2,12,50,600,6,671,453,0
400,schc,100,2,12,51,612,6.12,660,429,0
400,schc,100,2,12,52,624,6.24,660,444,0
400,schc,100,2,12,53,636,6.36,660,483,0
400,schc,100,2,12,54,648,6.48,660,454,0
400,schc,100,2,12,55,660,6.6,653,428,0
400,schc,100,2,12,56,672,6.72,648,477,0
400,schc,100,2,12,57,684,6.84,648,438,0
400,schc,100,2,12,58,696,6.96,648,427,0
400,schc,100,2,12,59,708,7.08,640,399,0
400,schc,100,2,12,60,720,7.2,633,416,0
400,schc,100,2,12,61,732,7.32,617,407,0
400,schc,100,2,12,62,744,7.44,612,426,0
400,schc,100,2,12,63,756,7.56,324236,221696,0
400,schc,100,3,12,0,0,0,10004,7421,540
400,schc,100,3,12,1,12,0.12,4485,3237,51
400,schc,100,3,12,2,24,0.24,3114,2211,30
400,schc,100,3,12,3,36,0.36,2348,1638,16
400,schc,100,3,12,4,48,0.48,1988,1367,3
400,schc,100,3,12,5,60,0.6,1784,1205,2
400,schc,100,3,12,6,72,0.72,1617,1125,2
400,schc,100,3,12,7,84,0.84,1486,1040,3
400,schc,100,3,12,8,96,0.96,1409,960,0
400,schc,100,3,12,9,108,1.08,1299,860,0
400,schc,100,3,12,10,120,1.2,1239,847,0
400,schc,100,3,12,11,132,1.32,1176,798,0
400,schc,100,3,12,12,144,1.44,1131,760,0
400,schc,100,3,12,13,156,1.56,1110,769,0
400,schc,100,3,12,14,168,1.68,1061,713,0
400,schc,100,3,12,15,180,1.8,1032,710,0
400,schc,100,3,12,16,192,1.92,1032,687,0
400,schc,100,3,12,17,204,2.04,1016,687,0
400,schc,100,3,12,18,216,2.16,999,655,0
400,schc,100,3,12,19,228,2.28,996,684,0
400,schc,100,3,12,20,240,2.4,965,646,0
400,schc,100,3,12,21,252,2.52,909,599,0
400,schc,100,3,12,22,264,2.64,888,609,0
400,schc,100,3,12,23,276,2.76,888,604,0
400,schc,100,3,12,24,288,2.88,880,588,0
400,schc,100,3,12,25,300,3,863,556,0
400,schc,100,3,12,26,312,3.12,848,555,0
400,schc,100,3,12,27,324,3.24,829,576,0
400,schc,100,3,12,28,336,3.36,828,554,0
400,schc,100,3,12,29,348,3.48,819,557,0
400,schc,100,3,12,30,360,3.6,807,529,0
400,schc,100,3,12,31,372,3.72,781,530,0
400,schc,100,3,12,32,384,3.84,774,538,0
400,schc,100,3,12,33,396,3.96,768,524,0
400,schc,100,3,12,34,408,4.08,757,519,0
400,schc,100,3,12,35,420,4.2,744,494,0
400,schc,100,3,12,36,432,4.32,738,496,0
400,schc,100,3,12,37,444,4.44,732,502,0
400,schc,100,3,12,38,456,4.56,729,481,0
400,schc,100,3,12,39,468,4.68,715,476,0
400,schc,100,3,12,40,480,4.8,708,465,0
400,schc,100,3,12,41,492,4.92,686,443,0
400,schc,100,3,12,42,504,5.04,684,447,0
400,schc,100,3,12,43,516,5.16,677,455,0
400,schc,100,3,12,44,528,5.28,672,450,0
400,schc,100,3,12,45,540,5.4,672,434,0
400,schc,100,3,12,46,552,5.52,672,456,0
400,schc,100,3,12,47,564,5.64,671,429,0
400,schc,100,3,12,48,576,5.76,659,452,0
400,schc,100,3,12,49,588,5.88,648,438,0
400,schc,100,3,12,50,600,6,648,419,0
400,schc,100,3,12,51,612,6.12,638,440,0
400,schc,100,3,12,52,624,6.24,623,410,0
400,schc,100,3,12,53,636,6.36,612,409,0
400,schc,100,3,12,54,648,6.48,609,396,0
400,schc,100,3,12,55,660,6.6,600,388,0
400,schc,100,3,12,56,672,6.72,600,395,0
400,schc,100,3,12,57,684,6.84,591,396,0
400,schc,100,3,12,58,696,6.96,578,381,0
400,schc,100,3,12,59,708,7.08,552,355,0
400,schc,100,3,12,60,720,7.2,552,371,0
400,schc,100,3,12,61,732,7.32,552,355,0
400,schc,100,3,12,62,744,7.44,552,378,0
400,schc,100,3,12,63,756,7.56,328956,219119,0
400,schc,100,4,12,0,0,0,11621,8818,527
400,schc,100,4,12,1,12,0.12,5601,4091,77
400,schc,100,4,12,2,24,0.24,3943,2863,25
400,schc,100,4,12,3,36,0.36,3141,2206,22
400,schc,100,4,12,4,48,0.48,2609,1839,7
400,schc,100,4,12,5,60,0.6,2317,1638,4
400,schc,100,4,12,6,72,0.72,2094,1452,1
400,schc,100,4,12,7,84,0.84,1943,1347,0
400,schc,100,4,12,8,96,0.96,1883,1325,0
400,schc,100,4,12,9,108,1.08,1831,1234,0
400,schc,100,4,12,10,120,1.2,1735,1190,0
400,schc,100,4,12,11,132,1.32,1661,1126,0
400,schc,100,4,12,12,144,1.44,1584,1109,0
400,schc,100,4,12,13,156,1.56,1501,1028,0
400,schc,100,4,12,14,168,1.68,1450,1008,0
400,schc,100,4,12,15,180,1.8,1404,979,0
400,schc,100,4,12,16,192,1.92,1369,911,0
400,schc,100,4,12,17,204,2.04,1348,911,0
400,schc,100,4,12,18,216,2.16,1328,919,0
400,schc,100,4,12,19,228,2.28,1297,899,0
400,schc,100,4,12,20,240,2.4,1266,843,0
400,schc,100,4,12,21,252,2.52,1222,858,0
400,schc,100,4,12,22,264,2.64,1204,817,0
400,schc,100,4,12,23,276,2.76,1186,811,0
400,schc,100,4,12,24,288,2.88,1176,815,0
400,schc,100,4,12,25,300,3,1165,788,0
400,schc,100,4,12,26,312,3.12,1151,771,0
400,schc,100,4,12,27,324,3.24,1121,766,0
400,schc,100,4,12,28,336,3.36,1104,737,0
400,schc,100,4,12,29,348,3.48,1104,759,0
400,schc,100,4,12,30,360,3.6,1104,767,0
400,schc,100,4,12,31,372,3.72,1104,751,0
400,schc,100,4,12,32,384,3.84,1104,771,0
400,schc,100,4,12,33,396,3.96,1095,749,0
400,schc,100,4,12,34,408,4.08,1080,738,0
400,schc,100,4,12,35,420,4.2,1072,731,0
400,schc,100,4,12,36,432,4.32,1053,723,0
400,schc,100,4,12,37,444,4.44,1044,717,0
400,schc,100,4,12,38,456,4.56,1038,712,0
400,schc,100,4,12,39,468,4.68,1020,691,0
400,schc,100,4,12,40,480,4.8,1011,715,0
400,schc,100,4,12,41,492,4.92,1008,680,0
400,schc,100,4,12,42,504,5.04,1008,685,0
400,schc,100,4,12,43,516,5.16,999,697,0
400,schc,100,4,12,44,528,5.28,975,695,0
400,schc,100,4,12,45,540,5.4,971,650,0
400,schc,100,4,12,46,552,5.52,960,637,0
400,schc,100,4,12,47,564,5.64,951,655,0
400,schc,100,4,12,48,576,5.76,940,624,0
400,schc,100,4,12,49,588,5.88,936,660,0
400,schc,100,4,12,50,600,6,932,622,0
400,schc,100,4,12,51,612,6.12,924,633,0
400,schc,100,4,12,52,624,6.24,924,660,0
400,schc,100,4,12,53,636,6.36,909,623,0
400,schc,100,4,12,54,648,6.48,889,615,0
400,schc,100,4,12,55,660,6.6,871,592,0
400,schc,100,4,12,56,672,6.72,864,592,0
400,schc,100,4,12,57,684,6.84,861,601,0
400,schc,100,4,12,58,696,6.96,852,585,0
400,schc,100,4,12,59,708,7.08,852,557,0
400,schc,100,4,12,60,720,7.2,843,595,0
400,schc,100,4,12,61,732,7.32,828,581,0
400,schc,100,4,12,62,744,7.44,822,534,0
400,schc,100,4,12,63,756,7.56,304797,210139,0
400,schc,100,5,12,0,0,0,9900,7372,544
400,schc,100,5,12,1,12,0.12,4183,3031,63
400,schc,100,5,12,2,24,0.24,3033,2134,17
400,schc,100,5,12,3,36,0.36,2408,1670,7
400,schc,100,5,12,4,48,0.48,2005,1388,6
400,schc,100,5,12,5,60,0.6,1738,1155,3
400,schc,100,5,12,6,72,0.72,1555,1020,0
400,schc,100,5,12,7,84,0.84,1466,1001,0
400,schc,100,5,12,8,96,0.96,1367,912,0
400,schc,100,5,12,9,108,1.08,1272,840,0
400,schc,100,5,12,10,120,1.2,1186,788,0
400,schc,100,5,12,11,132,1.32,1130,740,0
400,schc,100,5,12,12,144,1.44,1101,709,0
400,schc,100,5,12,13,156,1.56,1050,667,0
400,schc,100,5,12,14,168,1.68,1020,659,0
400,schc,100,5,12,15,180,1.8,1009,673,0
400,schc,100,5,12,16,192,1.92,1002,674,0
400,schc,100,5,12,17,204,2.04,982,631,0
400,schc,100,5,12,18,216,2.16,965,641,0
400,schc,100,5,12,19,228,2.28,944,596,0
400,schc,100,5,12,20,240,2.4,927,585,0
400,schc,100,5,12,21,252,2.52,924,601,0
400,schc,100,5,12,22,264,2.64,922,594,0
400,schc,100,5,12,23,276,2.76,909,589,0
400,schc,100,5,12,24,288,2.88,900,552,0
400,schc,100,5,12,25,300,3,894,572,0
400,schc,100,5,12,26,312,3.12,877,550,0
400,schc,100,5,12,27,324,3.24,876,571,0
400,schc,100,5,12,28,336,3.36,862,559,0
400,schc,100,5,12,29,348,3.48,851,542,0
400,schc,100,5,12,30,360,3.6,838,521,0
400,schc,100,5,12,31,372,3.72,816,525,0
400,schc,100,5,12,32,384,3.84,808,511,0
400,schc,100,5,12,33,396,3.96,782,476,0
400,schc,100,5,12,34,408,4.08,764,490,0
400,schc,100,5,12,35,420,4.2,740,467,0
400,schc,100,5,12,36,432,4.32,724,469,0
400,schc,100,5,12,37,444,4.44,708,458,0
400,schc,100,5,12,38,456,4.56,708,471,0
400,schc,100,5,12,39,468,4.68,708,447,0
400,schc,100,5,12,40,480,4.8,708,481,0
400,schc,100,5,12,41,492,4.92,708,462,0
400,schc,100,5,12,42,504,5.04,708,460,0
400,schc,100,5,12,43,516,5.16,708,480,0
400,schc,100,5,12,44,528,5.28,691,414,0
400,schc,100,5,12,45,540,5.4,669,453,0
400,schc,100,5,12,46,552,5.52,648,406,0
400,schc,100,5,12,47,564,5.64,648,434,0
400,schc,100,5,12,48,576,5.76,648,421,0
400,schc,100,5,12,49,588,5.88,648,427,0
400,schc,100,5,12,50,600,6,648,421,0
400,schc,100,5,12,51,612,6.12,648,424,0
400,schc,100,5,12,52,624,6.24,648,407,0
400,schc,100,5,12,53,636,6.36,645,419,0
400,schc,100,5,12,54,648,6.48,636,421,0
400,schc,100,5,12,55,660,6.6,636,389,0
400,schc,100,5,12,56,672,6.72,636,411,0
400,schc,100,5,12,57,684,6.84,629,407,0
400,schc,100,5,12,58,696,6.96,624,394,0
400,schc,100,5,12,59,708,7.08,624,411,0
400,schc,100,5,12,60,720,7.2,624,428,0
400,schc,100,5,12,61,732,7.32,624,396,0
400,schc,100,5,12,62,744,7.44,624,391,0
400,schc,100,5,12,63,756,7.56,329116,211663,0
400,schc,1000,1,125,0,0,0,226551,145853,10294
400,schc,1000,1,125,1,125,0.125,35599,22780,77
400,schc,1000,1,125,2,250,0.25,19435,12387,18
400,schc,1000,1,125,3,375,0.375,12338,7863,3
400,schc,1000,1,125,4,500,0.5,10013,6315,2
400,schc,1000,1,125,5,625,0.625,7875,5001,2
400,schc,1000,1,125,6,750,0.75,6138,3892,0
400,schc,1000,1,125,7,875,0.875,4998,3131,0
400,schc,1000,1,125,8,1000,1,3959,2493,0
400,schc,1000,1,125,9,1125,1.125,3731,2311,0
400,schc,1000,1,125,10,1250,1.25,3364,2123,0
400,schc,1000,1,125,11,1375,1.375,3139,2051,0
400,schc,1000,1,125,12,1500,1.5,2858,1847,0
400,schc,1000,1,125,13,1625,1.625,2520,1630,0
400,schc,1000,1,125,14,1750,1.75,2318,1415,0
400,schc,1000,1,125,15,1875,1.875,2138,1335,0
400,schc,1000,1,125,16,2000,2,2024,1280,0
400,schc,1000,1,125,17,2125,2.125,1875,1180,0
400,schc,1000,1,125,18,2250,2.25,1692,1050,0
400,schc,1000,1,125,19,2375,2.375,1469,926,0
400,schc,1000,1,125,20,2500,2.5,1375,881,0
400,schc,1000,1,125,21,2625,2.625,1375,867,0
400,schc,1000,1,125,22,2750,2.75,1262,805,0
400,schc,1000,1,125,23,2875,2.875,1207,784,0
400,schc,1000,1,125,24,3000,3,1045,669,0
400,schc,1000,1,125,25,3125,3.125,1000,616,0
400,schc,1000,1,125,26,3250,3.25,1000,624,0
400,schc,1000,1,125,27,3375,3.375,1000,624,0
400,schc,1000,1,125,28,3500,3.5,1000,644,0
400,schc,1000,1,125,29,3625,3.625,883,566,0
400,schc,1000,1,125,30,3750,3.75,875,556,0
400,schc,1000,1,125,31,3875,3.875,875,570,0
400,schc,1000,1,125,32,4000,4,854,543,0
400,schc,1000,1,125,33,4125,4.125,702,443,0
400,schc,1000,1,125,34,4250,4.25,625,401,0
400,schc,1000,1,125,35,4375,4.375,625,411,0
400,schc,1000,1,125,36,4500,4.5,625,370,0
400,schc,1000,1,125,37,4625,4.625,625,397,0
400,schc,1000,1,125,38,4750,4.75,592,380,0
400,schc,1000,1,125,39,4875,4.875,500,316,0
400,schc,1000,1,125,40,5000,5,500,337,0
400,schc,1000,1,125,41,5125,5.125,500,305,0
400,schc,1000,1,125,42,5250,5.25,500,313,0
400,schc,1000,1,125,43,5375,5.375,500,315,0
400,schc,1000,1,125,44,5500,5.5,500,311,0
400,schc,1000,1,125,45,5625,5.625,500,304,0
400,schc,1000,1,125,46,5750,5.75,500,307,0
400,schc,1000,1,125,47,5875,5.875,500,316,0
400,schc,1000,1,125,48,6000,6,394,246,0
400,schc,1000,1,125,49,6125,6.125,375,234,0
400,schc,1000,1,125,50,6250,6.25,375,254,0
400,schc,1000,1,125,51,6375,6.375,375,231,0
400,schc,1000,1,125,52,6500,6.5,375,238,0
400,schc,1000,1,125,53,6625,6.625,375,228,0
400,schc,1000,1,125,54,6750,6.75,274,147,0
400,schc,1000,1,125,55,6875,6.875,250,153,0
400,schc,1000,1,125,56,7000,7,250,160,0
400,schc,1000,1,125,57,7125,7.125,250,150,0
400,schc,1000,1,125,58,7250,7.25,250,152,0
400,schc,1000,1,125,59,7375,7.375,250,149,0
400,schc,1000,1,125,60,7500,7.5,250,157,0
400,schc,1000,1,125,61,7625,7.625,250,160,0
400,schc,1000,1,125,62,7750,7.75,250,155,0
400,schc,1000,1,125,63,7875,7.875,19378,12120,0
400,schc,1000,2,125,0,0,0,177486,113796,9076
400,schc,1000,2,125,1,125,0.125,21102,13468,29
400,schc,1000,2,125,2,250,0.25,11493,7439,5
400,schc,1000,2,125,3,375,0.375,7551,4915,5
400,schc,1000,2,125,4,500,0.5,5483,3579,2
400,schc,1000,2,125,5,625,0.625,4795,3145,1
400,schc,1000,2,125,6,750,0.75,4374,2868,1
400,schc,1000,2,125,7,875,0.875,3904,2567,0
400,schc,1000,2,125,8,1000,1,3438,2210,0
400,schc,1000,2,125,9,1125,1.125,3139,2089,0
400,schc,1000,2,125,10,1250,1.25,2929,1897,0
400,schc,1000,2,125,11,1375,1.375,2653,1731,0
400,schc,1000,2,125,12,1500,1.5,2416,1546,0
400,schc,1000,2,125,13,1625,1.625,2116,1385,0
400,schc,1000,2,125,14,1750,1.75,1883,1222,0
400,schc,1000,2,125,15,1875,1.875,1862,1243,0
400,schc,1000,2,125,16,2000,2,1750,1169,0
400,schc,1000,2,125,17,2125,2.125,1709,1126,0
400,schc,1000,2,125,18,2250,2.25,1625,1064,0
400,schc,1000,2,125,19,2375,2.375,1523,970,0
400,schc,1000,2,125,20,2500,2.5,1500,986,0
400,schc,1000,2,125,21,2625,2.625,1413,919,0
400,schc,1000,2,125,22,2750,2.75,1375,877,0
400,schc,1000,2,125,23,2875,2.875,1375,901,0
400,schc,1000,2,125,24,3000,3,1375,894,0
400,schc,1000,2,125,25,3125,3.125,1375,899,0
400,schc,1000,2,125,26,3250,3.25,1321,885,0
400,schc,1000,2,125,27,3375,3.375,1046,675,0
400,schc,1000,2,125,28,3500,3.5,1000,665,0
400,schc,1000,2,125,29,3625,3.625,1000,648,0
400,schc,1000,2,125,30,3750,3.75,1000,644,0
400,schc,1000,2,125,31,3875,3.875,1000,681,0
400,schc,1000,2,125,32,4000,4,1000,661,0
400,schc,1000,2,125,33,4125,4.125,1000,669,0
400,schc,1000,2,125,34,4250,4.25,1000,681,0
400,schc,1000,2,125,35,4375,4.375,1000,658,0
400,schc,1000,2,125,36,4500,4.5,1000,705,0
400,schc,1000,2,125,37,4625,4.625,897,600,0
400,schc,1000,2,125,38,4750,4.75,875,597,0
400,schc,1000,2,125,39,4875,4.875,875,560,0
400,schc,1000,2,125,40,5000,5,875,569,0
400,schc,1000,2,125,41,5125,5.125,875,612,0
400,schc,1000,2,125,42,5250,5.25,875,582,0
400,schc,1000,2,125,43,5375,5.375,875,578,0
400,schc,1000,2,125,44,5500,5.5,875,612,0
400,schc,1000,2,125,45,5625,5.625,875,585,0
400,schc,1000,2,125,46,5750,5.75,875,576,0
400,schc,1000,2,125,47,5875,5.875,875,598,0
400,schc,1000,2,125,48,6000,6,875,567,0
400,schc,1000,2,125,49,6125,6.125,875,591,0
400,schc,1000,2,125,50,6250,6.25,875,558,0
400,schc,1000,2,125,51,6375,6.375,875,582,0
400,schc,1000,2,125,52,6500,6.5,875,566,0
400,schc,1000,2,125,53,6625,6.625,875,586,0
400,schc,1000,2,125,54,6750,6.75,875,590,0
400,schc,1000,2,125,55,6875,6.875,875,571,0
400,schc,1000,2,125,56,7000,7,875,576,0
400,schc,1000,2,125,57,7125,7.125,875,572,0
400,schc,1000,2,125,58,7250,7.25,875,584,0
400,schc,1000,2,125,59,7375,7.375,875,595,0
400,schc,1000,2,125,60,7500,7.5,875,574,0
400,schc,1000,2,125,61,7625,7.625,875,558,0
400,schc,1000,2,125,62,7750,7.75,875,580,0
400,schc,1000,2,125,63,7875,7.875,94217,62981,0
400,schc,1000,3,125,0,0,0,195728,122652,9931
400,schc,1000,3,125,1,125,0.125,26670,16107,50
400,schc,1000,3,125,2,250,0.25,13728,8324,15
400,schc,1000,3,125,3,375,0.375,9335,5709,5
400,schc,1000,3,125,4,500,0.5,7497,4530,0
400,schc,1000,3,125,5,625,0.625,6312,3842,0
400,schc,1000,3,125,6,750,0.75,5430,3225,0
400,schc,1000,3,125,7,875,0.875,4811,2828,0
400,schc,1000,3,125,8,1000,1,4353,2631,0
400,schc,1000,3,125,9,1125,1.125,3639,2216,0
400,schc,1000,3,125,10,1250,1.25,3284,1884,0
400,schc,1000,3,125,11,1375,1.375,3143,1851,0
400,schc,1000,3,125,12,1500,1.5,3125,1848,0
400,schc,1000,3,125,13,1625,1.625,3125,1850,0
400,schc,1000,3,125,14,1750,1.75,2968,1753,0
400,schc,1000,3,125,15,1875,1.875,2875,1700,0
400,schc,1000,3,125,16,2000,2,2569,1553,0
400,schc,1000,3,125,17,2125,2.125,2500,1509,0
400,schc,1000,3,125,18,2250,2.25,2500,1486,0
400,schc,1000,3,125,19,2375,2.375,2374,1390,0
400,schc,1000,3,125,20,2500,2.5,2250,1329,0
400,schc,1000,3,125,21,2625,2.625,2250,1333,0
400,schc,1000,3,125,22,2750,2.75,2176,1286,0
400,schc,1000,3,125,23,2875,2.875,2125,1227,0
400,schc,1000,3,125,24,3000,3,2125,1298,0
400,schc,1000,3,125,25,3125,3.125,2125,1256,0
400,schc,1000,3,125,26,3250,3.25,2125,1248,0
400,schc,1000,3,125,27,3375,3.375,2017,1190,0
400,schc,1000,3,125,28,3500,3.5,1875,1082,0
400,schc,1000,3,125,29,3625,3.625,1875,1128,0
400,schc,1000,3,125,30,3750,3.75,1862,1059,0
400,schc,1000,3,125,31,3875,3.875,1750,1009,0
400,schc,1000,3,125,32,4000,4,1750,1064,0
400,schc,1000,3,125,33,4125,4.125,1750,1081,0
400,schc,1000,3,125,34,4250,4.25,1733,1015,0
400,schc,1000,3,125,35,4375,4.375,1625,981,0
400,schc,1000,3,125,36,4500,4.5,1591,981,0
400,schc,1000,3,125,37,4625,4.625,1400,832,0
400,schc,1000,3,125,38,4750,4.75,1375,835,0
400,schc,1000,3,125,39,4875,4.875,1375,828,0
400,schc,1000,3,125,40,5000,5,1375,815,0
400,schc,1000,3,125,41,5125,5.125,1341,776,0
400,schc,1000,3,125,42,5250,5.25,1250,731,0
400,schc,1000,3,125,43,5375,5.375,1250,731,0
400,schc,1000,3,125,44,5500,5.5,1250,739,0
400,schc,1000,3,125,45,5625,5.625,1245,713,0
400,schc,1000,3,125,46,5750,5.75,1125,659,0
400,schc,1000,3,125,47,5875,5.875,1125,666,0
400,schc,1000,3,125,48,6000,6,1001,596,0
400,schc,1000,3,125,49,6125,6.125,1000,571,0
400,schc,1000,3,125,50,6250,6.25,1000,584,0
400,schc,1000,3,125,51,6375,6.375,1000,575,0
400,schc,1000,3,125,52,6500,6.5,1000,590,0
400,schc,1000,3,125,53,6625,6.625,1000,572,0
400,schc,1000,3,125,54,6750,6.75,1000,610,0
400,schc,1000,3,125,55,6875,6.875,1000,599,0
400,schc,1000,3,125,56,7000,7,1000,571,0
400,schc,1000,3,125,57,7125,7.125,1000,614,0
400,schc,1000,3,125,58,7250,7.25,1000,596,0
400,schc,1000,3,125,59,7375,7.375,1000,591,0
400,schc,1000,3,125,60,7500,7.5,1000,567,0
400,schc,1000,3,125,61,7625,7.625,855,473,0
400,schc,1000,3,125,62,7750,7.75,750,426,0
400,schc,1000,3,125,63,7875,7.875,32313,19043,0
400,schc,1000,4,125,0,0,0,205357,136065,10737
400,schc,1000,4,125,1,125,0.125,35303,23258,65
400,schc,1000,4,125,2,250,0.25,19367,12869,19
400,schc,1000,4,125,3,375,0.375,13119,8641,6
400,schc,1000,4,125,4,500,0.5,9625,6356,6
400,schc,1000,4,125,5,625,0.625,7851,5216,0
400,schc,1000,4,125,6,750,0.75,6568,4275,0
400,schc,1000,4,125,7,875,0.875,5790,3761,0
400,schc,1000,4,125,8,1000,1,4962,3238,0
400,schc,1000,4,125,9,1125,1.125,4274,2803,0
400,schc,1000,4,125,10,1250,1.25,3705,2455,0
400,schc,1000,4,125,11,1375,1.375,3206,2112,0
400,schc,1000,4,125,12,1500,1.5,2876,1922,0
400,schc,1000,4,125,13,1625,1.625,2514,1599,0
400,schc,1000,4,125,14,1750,1.75,2282,1483,0
400,schc,1000,4,125,15,1875,1.875,2125,1410,0
400,schc,1000,4,125,16,2000,2,2017,1349,0
400,schc,1000,4,125,17,2125,2.125,1727,1148,0
400,schc,1000,4,125,18,2250,2.25,1625,1077,0
400,schc,1000,4,125,19,2375,2.375,1625,1070,0
400,schc,1000,4,125,20,2500,2.5,1625,1046,0
400,schc,1000,4,125,21,2625,2.625,1510,994,0
400,schc,1000,4,125,22,2750,2.75,1494,999,0
400,schc,1000,4,125,23,2875,2.875,1375,898,0
400,schc,1000,4,125,24,3000,3,1375,936,0
400,schc,1000,4,125,25,3125,3.125,1292,864,0
400,schc,1000,4,125,26,3250,3.25,1162,760,0
400,schc,1000,4,125,27,3375,3.375,1125,737,0
400,schc,1000,4,125,28,3500,3.5,1125,743,0
400,schc,1000,4,125,29,3625,3.625,1125,784,0
400,schc,1000,4,125,30,3750,3.75,1072,696,0
400,schc,1000,4,125,31,3875,3.875,1000,670,0
400,schc,1000,4,125,32,4000,4,1000,635,0
400,schc,1000,4,125,33,4125,4.125,1000,667,0
400,schc,1000,4,125,34,4250,4.25,1000,650,0
400,schc,1000,4,125,35,4375,4.375,878,586,0
400,schc,1000,4,125,36,4500,4.5,875,601,0
400,schc,1000,4,125,37,4625,4.625,875,605,0
400,schc,1000,4,125,38,4750,4.75,875,578,0
400,schc,1000,4,125,39,4875,4.875,875,570,0
400,schc,1000,4,125,40,5000,5,875,592,0
400,schc,1000,4,125,41,5125,5.125,875,544,0
400,schc,1000,4,125,42,5250,5.25,875,582,0
400,schc,1000,4,125,43,5375,5.375,778,505,0
400,schc,1000,4,125,44,5500,5.5,750,486,0
400,schc,1000,4,125,45,5625,5.625,750,501,0
400,schc,1000,4,125,46,5750,5.75,750,497,0
400,schc,1000,4,125,47,5875,5.875,750,458,0
400,schc,1000,4,125,48,6000,6,750,507,0
400,schc,1000,4,125,49,6125,6.125,750,493,0
400,schc,1000,4,125,50,6250,6.25,750,488,0
400,schc,1000,4,125,51,6375,6.375,746,500,0
400,schc,1000,4,125,52,6500,6.5,625,418,0
400,schc,1000,4,125,53,6625,6.625,625,415,0
400,schc,1000,4,125,54,6750,6.75,625,398,0
400,schc,1000,4,125,55,6875,6.875,625,412,0
400,schc,1000,4,125,56,7000,7,625,404,0
400,schc,1000,4,125,57,7125,7.125,625,404,0
400,schc,1000,4,125,58,7250,7.25,625,427,0
400,schc,1000,4,125,59,7375,7.375,625,423,0
400,schc,1000,4,125,60,7500,7.5,625,420,0
400,schc,1000,4,125,61,7625,7.625,625,423,0
400,schc,1000,4,125,62,7750,7.75,625,406,0
400,schc,1000,4,125,63,7875,7.875,25150,16399,0
400,schc,1000,5,125,0,0,0,205730,132253,8259
400,schc,1000,5,125,1,125,0.125,40071,25720,77
400,schc,1000,5,125,2,250,0.25,22140,14216,21
400,schc,1000,5,125,3,375,0.375,14466,9318,8
400,schc,1000,5,125,4,500,0.5,10726,6952,4
400,schc,1000,5,125,5,625,0.625,8259,5320,0
400,schc,1000,5,125,6,750,0.75,7018,4521,0
400,schc,1000,5,125,7,875,0.875,5811,3729,0
400,schc,1000,5,125,8,1000,1,5027,3207,0
400,schc,1000,5,125,9,1125,1.125,4750,3025,0
400,schc,1000,5,125,10,1250,1.25,4450,2886,0
400,schc,1000,5,125,11,1375,1.375,4155,2727,0
400,schc,1000,5,125,12,1500,1.5,3948,2536,0
400,schc,1000,5,125,13,1625,1.625,3732,2374,0
400,schc,1000,5,125,14,1750,1.75,3374,2111,0
400,schc,1000,5,125,15,1875,1.875,3162,2051,0
400,schc,1000,5,125,16,2000,2,2843,1819,0
400,schc,1000,5,125,17,2125,2.125,2750,1812,0
400,schc,1000,5,125,18,2250,2.25,2668,1765,0
400,schc,1000,5,125,19,2375,2.375,2519,1619,0
400,schc,1000,5,125,20,2500,2.5,2207,1428,0
400,schc,1000,5,125,21,2625,2.625,2050,1320,0
400,schc,1000,5,125,22,2750,2.75,1798,1136,0
400,schc,1000,5,125,23,2875,2.875,1481,966,0
400,schc,1000,5,125,24,3000,3,1375,852,0
400,schc,1000,5,125,25,3125,3.125,1375,867,0
400,schc,1000,5,125,26,3250,3.25,1375,872,0
400,schc,1000,5,125,27,3375,3.375,1256,785,0
400,schc,1000,5,125,28,3500,3.5,1250,821,0
400,schc,1000,5,125,29,3625,3.625,1102,698,0
400,schc,1000,5,125,30,3750,3.75,989,666,0
400,schc,1000,5,125,31,3875,3.875,875,562,0
400,schc,1000,5,125,32,4000,4,830,523,0
400,schc,1000,5,125,33,4125,4.125,750,474,0
400,schc,1000,5,125,34,4250,4.25,741,469,0
400,schc,1000,5,125,35,4375,4.375,625,399,0
400,schc,1000,5,125,36,4500,4.5,625,426,0
400,schc,1000,5,125,37,4625,4.625,625,408,0
400,schc,1000,5,125,38,4750,4.75,625,388,0
400,schc,1000,5,125,39,4875,4.875,625,395,0
400,schc,1000,5,125,40,5000,5,625,395,0
400,schc,1000,5,125,41,5125,5.125,508,315,0
400,schc,1000,5,125,42,5250,5.25,500,307,0
400,schc,1000,5,125,43,5375,5.375,500,301,0
400,schc,1000,5,125,44,5500,5.5,413,262,0
400,schc,1000,5,125,45,5625,5.625,375,255,0
400,schc,1000,5,125,46,5750,5.75,375,245,0
400,schc,1000,5,125,47,5875,5.875,375,238,0
400,schc,1000,5,125,48,6000,6,375,252,0
400,schc,1000,5,125,49,6125,6.125,375,243,0
400,schc,1000,5,125,50,6250,6.25,375,248,0
400,schc,1000,5,125,51,6375,6.375,375,231,0
400,schc,1000,5,125,52,6500,6.5,375,242,0
400,schc,1000,5,125,53,6625,6.625,375,240,0
400,schc,1000,5,125,54,6750,6.75,286,182,0
400,schc,1000,5,125,55,6875,6.875,250,175,0
400,schc,1000,5,125,56,7000,7,250,163,0
400,schc,1000,5,125,57,7125,7.125,250,162,0
400,schc,1000,5,125,58,7250,7.25,250,156,0
400,schc,1000,5,125,59,7375,7.375,250,165,0
400,schc,1000,5,125,60,7500,7.5,250,159,0
400,schc,1000,5,125,61,7625,7.625,250,174,0
400,schc,1000,5,125,62,7750,7.75,250,157,0
400,schc,1000,5,125,63,7875,7.875,11615,7288,0
400,schc,5000,1,625,0,0,0,400000,249056,47065
400,schc,5000,2,625,0,0,0,400000,251204,37065
400,schc,5000,3,625,0,0,0,400000,245278,40188
400,schc,5000,4,625,0,0,0,400000,259335,40092
400,schc,5000,5,625,0,0,0,400000,250483,36008
400,schc,15000,1,1875,0,0,0,400000,240537,72289
400,schc,15000,2,1875,0,0,0,400000,242848,61130
400,schc,15000,3,1875,0,0,0,400000,235360,70624
400,schc,15000,4,1875,0,0,0,400000,247065,73888
400,schc,15000,5,1875,0,0,0,400000,236237,74987
1600,lahc,100,1,12,0,0,0,90309,57885,5931
1600,lahc,100,1,12,1,12,0.12,28757,17594,522
1600,lahc,100,1,12,2,24,0.24,17439,10751,211
1600,lahc,100,1,12,3,36,0.36,12676,7792,97
1600,lahc,100,1,12,4,48,0.48,10232,6303,63
1600,lahc,100,1,12,5,60,0.6,8532,5255,40
1600,lahc,100,1,12,6,72,0.72,7424,4586,24
1600,lahc,100,1,12,7,84,0.84,6595,4096,19
1600,lahc,100,1,12,8,96,0.96,5968,3674,8
1600,lahc,100,1,12,9,108,1.08,5500,3454,6
1600,lahc,100,1,12,10,120,1.2,5073,3207,18
1600,lahc,100,1,12,11,132,1.32,4674,2895,10
1600,lahc,100,1,12,12,144,1.44,4250,2650,6
1600,lahc,100,1,12,13,156,1.56,4028,2510,4
1600,lahc,100,1,12,14,168,1.68,3817,2337,6
1600,lahc,100,1,12,15,180,1.8,3565,2224,10
1600,lahc,100,1,12,16,192,1.92,3352,2080,4
1600,lahc,100,1,12,17,204,2.04,3207,1947,2
1600,lahc,100,1,12,18,216,2.16,3072,1904,2
1600,lahc,100,1,12,19,228,2.28,2988,1872,5
1600,lahc,100,1,12,20,240,2.4,2860,1770,3
1600,lahc,100,1,12,21,252,2.52,2733,1669,2
1600,lahc,100,1,12,22,264,2.64,2648,1646,0
1600,lahc,100,1,12,23,276,2.76,2537,1565,2
1600,lahc,100,1,12,24,288,2.88,2444,1510,2
1600,lahc,100,1,12,25,300,3,2365,1466,0
1600,lahc,100,1,12,26,312,3.12,2304,1391,0
1600,lahc,100,1,12,27,324,3.24,2226,1403,2
1600,lahc,100,1,12,28,336,3.36,2153,1300,0
1600,lahc,100,1,12,29,348,3.48,2040,1206,0
1600,lahc,100,1,12,30,360,3.6,1931,1185,0
1600,lahc,100,1,12,31,372,3.72,1896,1178,0
1600,lahc,100,1,12,32,384,3.84,1870,1159,0
1600,lahc,100,1,12,33,396,3.96,1808,1116,1
1600,lahc,100,1,12,34,408,4.08,1753,1108,1
1600,lahc,100,1,12,35,420,4.2,1705,1058,0
1600,lahc,100,1,12,36,432,4.32,1676,1024,3
1600,lahc,100,1,12,37,444,4.44,1626,1030,0
1600,lahc,100,1,12,38,456,4.56,1588,976,0
1600,lahc,100,1,12,39,468,4.68,1515,967,0
1600,lahc,100,1,12,40,480,4.8,1463,920,0
1600,lahc,100,1,12,41,492,4.92,1434,864,0
1600,lahc,100,1,12,42,504,5.04,1403,878,0
1600,lahc,100,1,12,43,516,5.16,1386,877,0
1600,lahc,100,1,12,44,528,5.28,1371,853,0
1600,lahc,100,1,12,45,540,5.4,1333,826,0
1600,lahc,100,1,12,46,552,5.52,1289,805,0
1600,lahc,100,1,12,47,564,5.64,1263,753,0
1600,lahc,100,1,12,48,576,5.76,1250,785,0
1600,lahc,100,1,12,49,588,5.88,1189,731,0
1600,lahc,100,1,12,50,600,6,1154,702,0
1600,lahc,100,1,12,51,612,6.12,1140,714,0
1600,lahc,100,1,12,52,624,6.24,1128,741,0
1600,lahc,100,1,12,53,636,6.36,1113,682,0
1600,lahc,100,1,12,54,648,6.48,1052,636,0
1600,lahc,100,1,12,55,660,6.6,1021,635,1
1600,lahc,100,1,12,56,672,6.72,966,586,0
1600,lahc,100,1,12,57,684,6.84,958,587,0
1600,lahc,100,1,12,58,696,6.96,944,587,0
1600,lahc,100,1,12,59,708,7.08,920,581,0
1600,lahc,100,1,12,60,720,7.2,901,557,0
1600,lahc,100,1,12,61,732,7.32,868,559,0
1600,lahc,100,1,12,62,744,7.44,864,503,0
1600,lahc,100,1,12,63,756,7.56,100454,62355,2
1600,lahc,100,2,12,0,0,0,88932,55563,5484
1600,lahc,100,2,12,1,12,0.12,32230,19267,588
1600,lahc,100,2,12,2,24,0.24,20281,12211,214
1600,lahc,100,2,12,3,36,0.36,15326,9182,122
1600,lahc,100,2,12,4,48,0.48,12224,7331,60
1600,lahc,100,2,12,5,60,0.6,10058,6091,55
1600,lahc,100,2,12,6,72,0.72,8544,5157,36
1600,lahc,100,2,12,7,84,0.84,7407,4575,21
1600,lahc,100,2,12,8,96,0.96,6518,3902,19
1600,lahc,100,2,12,9,108,1.08,5812,3552,15
1600,lahc,100,2,12,10,120,1.2,5368,3213,9
1600,lahc,100,2,12,11,132,1.32,4945,3023,9
1600,lahc,100,2,12,12,144,1.44,4515,2773,9
1600,lahc,100,2,12,13,156,1.56,4186,2587,3
1600,lahc,100,2,12,14,168,1.68,3931,2409,8
1600,lahc,100,2,12,15,180,1.8,3664,2284,3
1600,lahc,100,2,12,16,192,1.92,3451,2163,6
1600,lahc,100,2,12,17,204,2.04,3207,1974,4
1600,lahc,100,2,12,18,216,2.16,3024,1862,4
1600,lahc,100,2,12,19,228,2.28,2805,1745,4
1600,lahc,100,2,12,20,240,2.4,2675,1658,1
1600,lahc,100,2,12,21,252,2.52,2566,1612,4
1600,lahc,100,2,12,22,264,2.64,2443,1482,7
1600,lahc,100,2,12,23,276,2.76,2259,1395,2
1600,lahc,100,2,12,24,288,2.88,2160,1345,0
1600,lahc,100,2,12,25,300,3,2111,1310,1
1600,lahc,100,2,12,26,312,3.12,2050,1239,1
1600,lahc,100,2,12,27,324,3.24,1986,1285,0
1600,lahc,100,2,12,28,336,3.36,1901,1175,0
1600,lahc,100,2,12,29,348,3.48,1843,1142,0
1600,lahc,100,2,12,30,360,3.6,1778,1128,1
1600,lahc,100,2,12,31,372,3.72,1728,1059,0
1600,lahc,100,2,12,32,384,3.84,1695,1046,1
1600,lahc,100,2,12,33,396,3.96,1656,1030,2
1600,lahc,100,2,12,34,408,4.08,1592,975,0
1600,lahc,100,2,12,35,420,4.2,1556,960,1
1600,lahc,100,2,12,36,432,4.32,1506,929,0
1600,lahc,100,2,12,37,444,4.44,1492,939,0
1600,lahc,100,2,12,38,456,4.56,1456,900,0
1600,lahc,100,2,12,39,468,4.68,1409,870,2
1600,lahc,100,2,12,40,480,4.8,1365,877,1
1600,lahc,100,2,12,41,492,4.92,1342,839,0
1600,lahc,100,2,12,42,504,5.04,1304,810,0
1600,lahc,100,2,12,43,516,5.16,1286,793,0
1600,lahc,100,2,12,44,528,5.28,1260,791,0
1600,lahc,100,2,12,45,540,5.4,1234,761,0
1600,lahc,100,2,12,46,552,5.52,1204,745,0
1600,lahc,100,2,12,47,564,5.64,1175,723,0
1600,lahc,100,2,12,48,576,5.76,1121,694,0
1600,lahc,100,2,12,49,588,5.88,1098,675,0
1600,lahc,100,2,12,50,600,6,1080,684,0
1600,lahc,100,2,12,51,612,6.12,1072,695,0
1600,lahc,100,2,12,52,624,6.24,1048,657,0
1600,lahc,100,2,12,53,636,6.36,1041,636,0
1600,lahc,100,2,12,54,648,6.48,1008,613,0
1600,lahc,100,2,12,55,660,6.6,980,605,0
1600,lahc,100,2,12,56,672,6.72,972,628,0
1600,lahc,100,2,12,57,684,6.84,964,590,0
1600,lahc,100,2,12,58,696,6.96,920,539,1
1600,lahc,100,2,12,59,708,7.08,886,550,0
1600,lahc,100,2,12,60,720,7.2,867,542,0
1600,lahc,100,2,12,61,732,7.32,842,529,0
1600,lahc,100,2,12,62,744,7.44,817,519,0
1600,lahc,100,2,12,63,756,7.56,90824,56047,1
1600,lahc,100,3,12,0,0,0,89316,56157,5573
1600,lahc,100,3,12,1,12,0.12,30771,18466,544
1600,lahc,100,3,12,2,24,0.24,19298,11553,198
1600,lahc,100,3,12,3,36,0.36,14112,8543,118
1600,lahc,100,3,12,4,48,0.48,11383,6804,59
1600,lahc,100,3,12,5,60,0.6,9554,5788,45
1600,lahc,100,3,12,6,72,0.72,8352,5045,27
1600,lahc,100,3,12,7,84,0.84,7441,4482,25
1600,lahc,100,3,12,8,96,0.96,6718,4063,17
1600,lahc,100,3,12,9,108,1.08,6114,3708,13
1600,lahc,100,3,12,10,120,1.2,5598,3329,10
1600,lahc,100,3,12,11,132,1.32,5160,3118,7
1600,lahc,100,3,12,12,144,1.44,4899,2925,6
1600,lahc,100,3,12,13,156,1.56,4645,2818,7
1600,lahc,100,3,12,14,168,1.68,4411,2654,7
1600,lahc,100,3,12,15,180,1.8,4091,2463,15
1600,lahc,100,3,12,16,192,1.92,3819,2317,6
1600,lahc,100,3,12,17,204,2.04,3595,2142,5
1600,lahc,100,3,12,18,216,2.16,3380,2000,2
1600,lahc,100,3,12,19,228,2.28,3146,1881,2
1600,lahc,100,3,12,20,240,2.4,2976,1816,2
1600,lahc,100,3,12,21,252,2.52,2841,1760,1
1600,lahc,100,3,12,22,264,2.64,2693,1598,2
1600,lahc,100,3,12,23,276,2.76,2614,1618,1
1600,lahc,100,3,12,24,288,2.88,2532,1530,3
1600,lahc,100,3,12,25,300,3,2457,1479,1
1600,lahc,100,3,12,26,312,3.12,2344,1405,3
1600,lahc,100,3,12,27,324,3.24,2266,1375,1
1600,lahc,100,3,12,28,336,3.36,2181,1287,2
1600,lahc,100,3,12,29,348,3.48,2139,1339,2
1600,lahc,100,3,12,30,360,3.6,2071,1243,1
1600,lahc,100,3,12,31,372,3.72,2011,1197,0
1600,lahc,100,3,12,32,384,3.84,1956,1152,3
1600,lahc,100,3,12,33,396,3.96,1873,1165,0
1600,lahc,100,3,12,34,408,4.08,1806,1075,2
1600,lahc,100,3,12,35,420,4.2,1729,1064,0
1600,lahc,100,3,12,36,432,4.32,1677,1014,0
1600,lahc,100,3,12,37,444,4.44,1630,943,1
1600,lahc,100,3,12,38,456,4.56,1572,930,0
1600,lahc,100,3,12,39,468,4.68,1534,946,0
1600,lahc,100,3,12,40,480,4.8,1494,898,0
1600,lahc,100,3,12,41,492,4.92,1472,918,0
1600,lahc,100,3,12,42,504,5.04,1436,846,1
1600,lahc,100,3,12,43,516,5.16,1401,892,0
1600,lahc,100,3,12,44,528,5.28,1367,811,0
1600,lahc,100,3,12,45,540,5.4,1333,795,0
1600,lahc,100,3,12,46,552,5.52,1284,782,0
1600,lahc,100,3,12,47,564,5.64,1236,719,0
1600,lahc,100,3,12,48,576,5.76,1182,674,1
1600,lahc,100,3,12,49,588,5.88,1151,650,0
1600,lahc,100,3,12,50,600,6,1099,650,0
1600,lahc,100,3,12,51,612,6.12,1064,641,0
1600,lahc,100,3,12,52,624,6.24,1039,614,0
1600,lahc,100,3,12,53,636,6.36,1005,614,1
1600,lahc,100,3,12,54,648,6.48,974,596,0
1600,lahc,100,3,12,55,660,6.6,952,567,0
1600,lahc,100,3,12,56,672,6.72,934,585,0
1600,lahc,100,3,12,57,684,6.84,896,535,0
1600,lahc,100,3,12,58,696,6.96,876,517,0
1600,lahc,100,3,12,59,708,7.08,867,526,0
1600,lahc,100,3,12,60,720,7.2,858,526,0
1600,lahc,100,3,12,61,732,7.32,847,524,0
1600,lahc,100,3,12,62,744,7.44,823,498,0
1600,lahc,100,3,12,63,756,7.56,85705,51043,1
1600,lahc,100,4,12,0,0,0,90863,56838,5564
1600,lahc,100,4,12,1,12,0.12,32458,19772,572
1600,lahc,100,4,12,2,24,0.24,20055,12217,231
1600,lahc,100,4,12,3,36,0.36,14412,8736,120
1600,lahc,100,4,12,4,48,0.48,11227,6789,64
1600,lahc,100,4,12,5,60,0.6,9522,5773,32
1600,lahc,100,4,12,6,72,0.72,8155,4977,36
1600,lahc,100,4,12,7,84,0.84,7173,4290,24
1600,lahc,100,4,12,8,96,0.96,6286,3759,13
1600,lahc,100,4,12,9,108,1.08,5664,3447,15
1600,lahc,100,4,12,10,120,1.2,5136,3114,12
1600,lahc,100,4,12,11,132,1.32,4739,2827,7
1600,lahc,100,4,12,12,144,1.44,4319,2645,5
1600,lahc,100,4,12,13,156,1.56,3981,2443,7
1600,lahc,100,4,12,14,168,1.68,3729,2260,5
1600,lahc,100,4,12,15,180,1.8,3499,2161,3
1600,lahc,100,4,12,16,192,1.92,3384,2052,3
1600,lahc,100,4,12,17,204,2.04,3246,1965,3
1600,lahc,100,4,12,18,216,2.16,3106,1867,3
1600,lahc,100,4,12,19,228,2.28,2966,1781,2
1600,lahc,100,4,12,20,240,2.4,2780,1714,6
1600,lahc,100,4,12,21,252,2.52,2603,1552,1
1600,lahc,100,4,12,22,264,2.64,2470,1448,1
1600,lahc,100,4,12,23,276,2.76,2370,1449,1
1600,lahc,100,4,12,24,288,2.88,2267,1369,1
1600,lahc,100,4,12,25,300,3,2170,1326,0
1600,lahc,100,4,12,26,312,3.12,2072,1273,1
1600,lahc,100,4,12,27,324,3.24,1999,1201,1
1600,lahc,100,4,12,28,336,3.36,1911,1140,1
1600,lahc,100,4,12,29,348,3.48,1852,1131,1
1600,lahc,100,4,12,30,360,3.6,1785,1049,0
1600,lahc,100,4,12,31,372,3.72,1737,1019,0
1600,lahc,100,4,12,32,384,3.84,1713,1075,0
1600,lahc,100,4,12,33,396,3.96,1685,1000,0
1600,lahc,100,4,12,34,408,4.08,1653,1006,1
1600,lahc,100,4,12,35,420,4.2,1634,1025,0
1600,lahc,100,4,12,36,432,4.32,1611,997,1
1600,lahc,100,4,12,37,444,4.44,1568,965,0
1600,lahc,100,4,12,38,456,4.56,1529,910,0
1600,lahc,100,4,12,39,468,4.68,1495,924,0
1600,lahc,100,4,12,40,480,4.8,1466,897,0
1600,lahc,100,4,12,41,492,4.92,1437,850,1
1600,lahc,100,4,12,42,504,5.04,1399,862,0
1600,lahc,100,4,12,43,516,5.16,1353,804,0
1600,lahc,100,4,12,44,528,5.28,1318,808,0
1600,lahc,100,4,12,45,540,5.4,1306,792,0
1600,lahc,100,4,12,46,552,5.52,1293,771,0
1600,lahc,100,4,12,47,564,5.64,1270,793,0
1600,lahc,100,4,12,48,576,5.76,1241,733,1
1600,lahc,100,4,12,49,588,5.88,1215,764,0
1600,lahc,100,4,12,50,600,6,1192,705,0
1600,lahc,100,4,12,51,612,6.12,1170,735,0
1600,lahc,100,4,12,52,624,6.24,1158,688,0
1600,lahc,100,4,12,53,636,6.36,1111,667,0
1600,lahc,100,4,12,54,648,6.48,1092,672,0
1600,lahc,100,4,12,55,660,6.6,1075,664,0
1600,lahc,100,4,12,56,672,6.72,1032,630,0
1600,lahc,100,4,12,57,684,6.84,1020,626,0
1600,lahc,100,4,12,58,696,6.96,993,607,0
1600,lahc,100,4,12,59,708,7.08,972,599,1
1600,lahc,100,4,12,60,720,7.2,939,579,0
1600,lahc,100,4,12,61,732,7.32,922,553,0
1600,lahc,100,4,12,62,744,7.44,892,530,1
1600,lahc,100,4,12,63,756,7.56,90310,54329,0
1600,lahc,100,5,12,0,0,0,89671,55516,5624
1600,lahc,100,5,12,1,12,0.12,31440,18737,582
1600,lahc,100,5,12,2,24,0.24,19561,11657,202
1600,lahc,100,5,12,3,36,0.36,14424,8550,118
1600,lahc,100,5,12,4,48,0.48,11277,6757,77
1600,lahc,100,5,12,5,60,0.6,9092,5410,52
1600,lahc,100,5,12,6,72,0.72,7625,4489,27
1600,lahc,100,5,12,7,84,0.84,6518,3780,30
1600,lahc,100,5,12,8,96,0.96,5662,3360,12
1600,lahc,100,5,12,9,108,1.08,5111,3033,10
1600,lahc,100,5,12,10,120,1.2,4726,2792,8
1600,lahc,100,5,12,11,132,1.32,4354,2566,8
1600,lahc,100,5,12,12,144,1.44,3997,2366,3
1600,lahc,100,5,12,13,156,1.56,3732,2250,4
1600,lahc,100,5,12,14,168,1.68,3501,2037,3
1600,lahc,100,5,12,15,180,1.8,3283,1924,5
1600,lahc,100,5,12,16,192,1.92,3072,1794,3
1600,lahc,100,5,12,17,204,2.04,2905,1713,3
1600,lahc,100,5,12,18,216,2.16,2705,1629,3
1600,lahc,100,5,12,19,228,2.28,2525,1496,2
1600,lahc,100,5,12,20,240,2.4,2408,1408,5
1600,lahc,100,5,12,21,252,2.52,2309,1339,3
1600,lahc,100,5,12,22,264,2.64,2259,1322,0
1600,lahc,100,5,12,23,276,2.76,2184,1252,2
1600,lahc,100,5,12,24,288,2.88,2054,1174,0
1600,lahc,100,5,12,25,300,3,1995,1153,0
1600,lahc,100,5,12,26,312,3.12,1948,1142,0
1600,lahc,100,5,12,27,324,3.24,1906,1136,1
1600,lahc,100,5,12,28,336,3.36,1854,1109,1
1600,lahc,100,5,12,29,348,3.48,1823,1051,0
1600,lahc,100,5,12,30,360,3.6,1796,1056,1
1600,lahc,100,5,12,31,372,3.72,1738,1048,1
1600,lahc,100,5,12,32,384,3.84,1682,1007,0
1600,lahc,100,5,12,33,396,3.96,1645,967,3
1600,lahc,100,5,12,34,408,4.08,1619,963,0
1600,lahc,100,5,12,35,420,4.2,1566,910,0
1600,lahc,100,5,12,36,432,4.32,1519,880,0
1600,lahc,100,5,12,37,444,4.44,1471,855,1
1600,lahc,100,5,12,38,456,4.56,1445,847,1
1600,lahc,100,5,12,39,468,4.68,1405,830,0
1600,lahc,100,5,12,40,480,4.8,1372,845,0
1600,lahc,100,5,12,41,492,4.92,1329,747,0
1600,lahc,100,5,12,42,504,5.04,1308,763,0
1600,lahc,100,5,12,43,516,5.16,1279,752,0
1600,lahc,100,5,12,44,528,5.28,1248,745,0
1600,lahc,100,5,12,45,540,5.4,1224,718,0
1600,lahc,100,5,12,46,552,5.52,1190,694,0
1600,lahc,100,5,12,47,564,5.64,1177,715,0
1600,lahc,100,5,12,48,576,5.76,1158,703,0
1600,lahc,100,5,12,49,588,5.88,1145,654,1
1600,lahc,100,5,12,50,600,6,1101,645,0
1600,lahc,100,5,12,51,612,6.12,1062,607,0
1600,lahc,100,5,12,52,624,6.24,1030,582,0
1600,lahc,100,5,12,53,636,6.36,1020,561,0
1600,lahc,100,5,12,54,648,6.48,1011,596,0
1600,lahc,100,5,12,55,660,6.6,998,585,0
1600,lahc,100,5,12,56,672,6.72,995,579,0
1600,lahc,100,5,12,57,684,6.84,983,570,0
1600,lahc,100,5,12,58,696,6.96,972,574,0
1600,lahc,100,5,12,59,708,7.08,967,595,0
1600,lahc,100,5,12,60,720,7.2,953,546,0
1600,lahc,100,5,12,61,732,7.32,936,567,0
1600,lahc,100,5,12,62,744,7.44,927,529,0
1600,lahc,100,5,12,63,756,7.56,102808,60406,1
1600,lahc,1000,1,125,0,0,0,399997,243913,40597
1600,lahc,1000,1,125,1,125,0.125,3,2,0
1600,lahc,1000,2,125,0,0,0,399992,229925,38948
1600,lahc,1000,2,125,1,125,0.125,8,6,0
1600,lahc,1000,3,125,0,0,0,400000,237851,39097
1600,lahc,1000,4,125,0,0,0,400000,238202,38976
1600,lahc,1000,5,125,0,0,0,399985,234878,39968
1600,lahc,1000,5,125,1,125,0.125,15,9,0
1600,lahc,5000,1,625,0,0,0,400000,255195,69358
1600,lahc,5000,2,625,0,0,0,400000,218318,68543
1600,lahc,5000,3,625,0,0,0,400000,233452,67859
1600,lahc,5000,4,625,0,0,0,400000,230607,66971
1600,lahc,5000,5,625,0,0,0,400000,224838,72161
1600,lahc,15000,1,1875,0,0,0,400000,242203,82736
1600,lahc,15000,2,1875,0,0,0,400000,224924,85698
1600,lahc,15000,3,1875,0,0,0,400000,228927,82696
1600,lahc,15000,4,1875,0,0,0,400000,231728,81149
1600,lahc,15000,5,1875,0,0,0,400000,225808,87953
1600,dlas,100,1,12,0,0,0,399773,239817,113275
1600,dlas,100,1,12,1,12,0.12,227,147,22
1600,dlas,100,2,12,0,0,0,399932,214868,112420
1600,dlas,100,2,12,1,12,0.12,68,35,7
1600,dlas,100,3,12,0,0,0,399811,230964,111513
1600,dlas,100,3,12,1,12,0.12,189,121,25
1600,dlas,100,4,12,0,0,0,399831,227340,109144
1600,dlas,100,4,12,1,12,0.12,169,97,16
1600,dlas,100,5,12,0,0,0,399910,224903,116418
1600,dlas,100,5,12,1,12,0.12,90,46,7
1600,dlas,1000,1,125,0,0,0,400000,237632,116924
1600,dlas,1000,2,125,0,0,0,400000,218342,118339
1600,dlas,1000,3,125,0,0,0,400000,226445,115325
1600,dlas,1000,4,125,0,0,0,400000,230942,114687
1600,dlas,1000,5,125,0,0,0,400000,224466,121971
1600,dlas,5000,1,625,0,0,0,400000,239194,116884
1600,dlas,5000,2,625,0,0,0,400000,213036,117562
1600,dlas,5000,3,625,0,0,0,400000,229280,115584
1600,dlas,5000,4,625,0,0,0,400000,228666,114636
1600,dlas,5000,5,625,0,0,0,400000,224923,121713
1600,dlas,15000,1,1875,0,0,0,400000,236605,116929
1600,dlas,15000,2,1875,0,0,0,400000,210792,117360
1600,dlas,15000,3,1875,0,0,0,400000,230998,116012
1600,dlas,15000,4,1875,0,0,0,400000,226745,114609
1600,dlas,15000,5,1875,0,0,0,400000,224004,121745
1600,schc,100,1,12,0,0,0,40684,27162,3125
1600,schc,100,1,12,1,12,0.12,13871,8778,231
1600,schc,100,1,12,2,24,0.24,9281,5977,83
1600,schc,100,1,12,3,36,0.36,7432,4683,39
1600,schc,100,1,12,4,48,0.48,6213,3906,14
1600,schc,100,1,12,5,60,0.6,5593,3617,6
1600,schc,100,1,12,6,72,0.72,5059,3239,5
1600,schc,100,1,12,7,84,0.84,4714,2996,1
1600,schc,100,1,12,8,96,0.96,4486,2893,0
1600,schc,100,1,12,9,108,1.08,4229,2688,0
1600,schc,100,1,12,10,120,1.2,3943,2512,0
1600,schc,100,1,12,11,132,1.32,3788,2466,0
1600,schc,100,1,12,12,144,1.44,3665,2280,0
1600,schc,100,1,12,13,156,1.56,3494,2214,0
1600,schc,100,1,12,14,168,1.68,3372,2105,0
1600,schc,100,1,12,15,180,1.8,3226,2060,0
1600,schc,100,1,12,16,192,1.92,3122,1960,0
1600,schc,100,1,12,17,204,2.04,3060,1980,0
1600,schc,100,1,12,18,216,2.16,2971,1908,0
1600,schc,100,1,12,19,228,2.28,2883,1816,0
1600,schc,100,1,12,20,240,2.4,2790,1758,0
1600,schc,100,1,12,21,252,2.52,2704,1720,0
1600,schc,100,1,12,22,264,2.64,2627,1667,0
1600,schc,100,1,12,23,276,2.76,2592,1639,0
1600,schc,100,1,12,24,288,2.88,2518,1563,0
1600,schc,100,1,12,25,300,3,2413,1520,0
1600,schc,100,1,12,26,312,3.12,2380,1525,0
1600,schc,100,1,12,27,324,3.24,2322,1465,0
1600,schc,100,1,12,28,336,3.36,2267,1442,0
1600,schc,100,1,12,29,348,3.48,2223,1423,0
1600,schc,100,1,12,30,360,3.6,2195,1409,0
1600,schc,100,1,12,31,372,3.72,2165,1365,0
1600,schc,100,1,12,32,384,3.84,2119,1322,0
1600,schc,100,1,12,33,396,3.96,2030,1262,0
1600,schc,100,1,12,34,408,4.08,2001,1284,0
1600,schc,100,1,12,35,420,4.2,1969,1271,0
1600,schc,100,1,12,36,432,4.32,1950,1208,0
1600,schc,100,1,12,37,444,4.44,1888,1224,0
1600,schc,100,1,12,38,456,4.56,1856,1205,0
1600,schc,100,1,12,39,468,4.68,1805,1147,0
1600,schc,100,1,12,40,480,4.8,1736,1086,0
1600,schc,100,1,12,41,492,4.92,1694,1057,0
1600,schc,100,1,12,42,504,5.04,1685,1088,0
1600,schc,100,1,12,43,516,5.16,1662,1037,0
1600,schc,100,1,12,44,528,5.28,1651,1053,0
1600,schc,100,1,12,45,540,5.4,1622,1014,0
1600,schc,100,1,12,46,552,5.52,1600,1012,0
1600,schc,100,1,12,47,564,5.64,1566,1016,0
1600,schc,100,1,12,48,576,5.76,1520,988,0
1600,schc,100,1,12,49,588,5.88,1506,978,0
1600,schc,100,1,12,50,600,6,1493,961,0
1600,schc,100,1,12,51,612,6.12,1467,917,0
1600,schc,100,1,12,52,624,6.24,1447,925,0
1600,schc,100,1,12,53,636,6.36,1435,893,0
1600,schc,100,1,12,54,648,6.48,1407,889,0
1600,schc,100,1,12,55,660,6.6,1387,856,0
1600,schc,100,1,12,56,672,6.72,1375,869,0
1600,schc,100,1,12,57,684,6.84,1363,856,0
1600,schc,100,1,12,58,696,6.96,1347,835,0
1600,schc,100,1,12,59,708,7.08,1328,834,0
1600,schc,100,1,12,60,720,7.2,1299,823,0
1600,schc,100,1,12,61,732,7.32,1274,807,0
1600,schc,100,1,12,62,744,7.44,1257,786,0
1600,schc,100,1,12,63,756,7.56,185979,117670,0
1600,schc,100,2,12,0,0,0,38862,25219,2998
1600,schc,100,2,12,1,12,0.12,12425,7686,225
1600,schc,100,2,12,2,24,0.24,8068,4856,67
1600,schc,100,2,12,3,36,0.36,6333,3858,25
1600,schc,100,2,12,4,48,0.48,5449,3309,15
1600,schc,100,2,12,5,60,0.6,4795,2934,6
1600,schc,100,2,12,6,72,0.72,4404,2636,3
1600,schc,100,2,12,7,84,0.84,4116,2481,1
1600,schc,100,2,12,8,96,0.96,3890,2325,0
1600,schc,100,2,12,9,108,1.08,3744,2262,0
1600,schc,100,2,12,10,120,1.2,3587,2124,0
1600,schc,100,2,12,11,132,1.32,3428,2111,0
1600,schc,100,2,12,12,144,1.44,3332,2049,0
1600,schc,100,2,12,13,156,1.56,3234,1959,0
1600,schc,100,2,12,14,168,1.68,3096,1870,0
1600,schc,100,2,12,15,180,1.8,2975,1819,0
1600,schc,100,2,12,16,192,1.92,2875,1717,0
1600,schc,100,2,12,17,204,2.04,2768,1641,0
1600,schc,100,2,12,18,216,2.16,2639,1606,0
1600,schc,100,2,12,19,228,2.28,2550,1556,0
1600,schc,100,2,12,20,240,2.4,2492,1490,0
1600,schc,100,2,12,21,252,2.52,2394,1465,0
1600,schc,100,2,12,22,264,2.64,2345,1455,0
1600,schc,100,2,12,23,276,2.76,2298,1393,0
1600,schc,100,2,12,24,288,2.88,2240,1350,0
1600,schc,100,2,12,25,300,3,2222,1341,0
1600,schc,100,2,12,26,312,3.12,2184,1306,0
1600,schc,100,2,12,27,324,3.24,2144,1313,0
1600,schc,100,2,12,28,336,3.36,2114,1308,0
1600,schc,100,2,12,29,348,3.48,2059,1235,0
1600,schc,100,2,12,30,360,3.6,2030,1255,0
1600,schc,100,2,12,31,372,3.72,2022,1255,0
1600,schc,100,2,12,32,384,3.84,1997,1193,0
1600,schc,100,2,12,33,396,3.96,1962,1169,0
1600,schc,100,2,12,34,408,4.08,1918,1216,0
1600,schc,100,2,12,35,420,4.2,1903,1183,0
1600,schc,100,2,12,36,432,4.32,1894,1140,0
1600,schc,100,2,12,37,444,4.44,1858,1159,0
1600,schc,100,2,12,38,456,4.56,1824,1109,0
1600,schc,100,2,12,39,468,4.68,1787,1088,0
1600,schc,100,2,12,40,480,4.8,1770,1064,0
1600,schc,100,2,12,41,492,4.92,1735,1071,0
1600,schc,100,2,12,42,504,5.04,1684,1020,0
1600,schc,100,2,12,43,516,5.16,1659,1003,0
1600,schc,100,2,12,44,528,5.28,1597,998,0
1600,schc,100,2,12,45,540,5.4,1572,976,0
1600,schc,100,2,12,46,552,5.52,1571,948,0
1600,schc,100,2,12,47,564,5.64,1540,911,0
1600,schc,100,2,12,48,576,5.76,1536,954,0
1600,schc,100,2,12,49,588,5.88,1525,934,0
1600,schc,100,2,12,50,600,6,1519,921,0
1600,schc,100,2,12,51,612,6.12,1480,860,0
1600,schc,100,2,12,52,624,6.24,1451,861,0
1600,schc,100,2,12,53,636,6.36,1428,831,0
1600,schc,100,2,12,54,648,6.48,1415,840,0
1600,schc,100,2,12,55,660,6.6,1398,825,0
1600,schc,100,2,12,56,672,6.72,1368,844,0
1600,schc,100,2,12,57,684,6.84,1368,848,0
1600,schc,100,2,12,58,696,6.96,1342,831,0
1600,schc,100,2,12,59,708,7.08,1308,780,0
1600,schc,100,2,12,60,720,7.2,1305,822,0
1600,schc,100,2,12,61,732,7.32,1296,781,0
1600,schc,100,2,12,62,744,7.44,1289,807,0
1600,schc,100,2,12,63,756,7.56,201587,121597,0
1600,schc,100,3,12,0,0,0,43260,28435,3281
1600,schc,100,3,12,1,12,0.12,14716,9096,218
1600,schc,100,3,12,2,24,0.24,9944,6148,78
1600,schc,100,3,12,3,36,0.36,7721,4718,34
1600,schc,100,3,12,4,48,0.48,6235,3701,21
1600,schc,100,3,12,5,60,0.6,5399,3240,10
1600,schc,100,3,12,6,72,0.72,4690,2811,8
1600,schc,100,3,12,7,84,0.84,4165,2515,3
1600,schc,100,3,12,8,96,0.96,3868,2339,0
1600,schc,100,3,12,9,108,1.08,3642,2232,0
1600,schc,100,3,12,10,120,1.2,3475,2097,0
1600,schc,100,3,12,11,132,1.32,3297,2023,0
1600,schc,100,3,12,12,144,1.44,3161,1925,0
1600,schc,100,3,12,13,156,1.56,3094,1899,0
1600,schc,100,3,12,14,168,1.68,2989,1828,0
1600,schc,100,3,12,15,180,1.8,2848,1772,0
1600,schc,100,3,12,16,192,1.92,2677,1631,0
1600,schc,100,3,12,17,204,2.04,2535,1567,0
1600,schc,100,3,12,18,216,2.16,2477,1496,0
1600,schc,100,3,12,19,228,2.28,2410,1472,0
1600,schc,100,3,12,20,240,2.4,2357,1457,0
1600,schc,100,3,12,21,252,2.52,2287,1421,0
1600,schc,100,3,12,22,264,2.64,2219,1305,0
1600,schc,100,3,12,23,276,2.76,2128,1303,0
1600,schc,100,3,12,24,288,2.88,2103,1264,0
1600,schc,100,3,12,25,300,3,2077,1268,0
1600,schc,100,3,12,26,312,3.12,1977,1216,0
1600,schc,100,3,12,27,324,3.24,1940,1197,0
1600,schc,100,3,12,28,336,3.36,1898,1159,0
1600,schc,100,3,12,29,348,3.48,1858,1136,0
1600,schc,100,3,12,30,360,3.6,1825,1145,0
1600,schc,100,3,12,31,372,3.72,1798,1122,0
1600,schc,100,3,12,32,384,3.84,1759,1044,0
1600,schc,100,3,12,33,396,3.96,1718,1038,0
1600,schc,100,3,12,34,408,4.08,1659,1016,0
1600,schc,100,3,12,35,420,4.2,1614,963,0
1600,schc,100,3,12,36,432,4.32,1568,950,0
1600,schc,100,3,12,37,444,4.44,1536,924,0
1600,schc,100,3,12,38,456,4.56,1495,932,0
1600,schc,100,3,12,39,468,4.68,1453,873,0
1600,schc,100,3,12,40,480,4.8,1427,873,0
1600,schc,100,3,12,41,492,4.92,1379,815,0
1600,schc,100,3,12,42,504,5.04,1356,816,0
1600,schc,100,3,12,43,516,5.16,1350,822,0
1600,schc,100,3,12,44,528,5.28,1318,796,0
1600,schc,100,3,12,45,540,5.4,1294,772,0
1600,schc,100,3,12,46,552,5.52,1255,763,0
1600,schc,100,3,12,47,564,5.64,1218,771,0
1600,schc,100,3,12,48,576,5.76,1190,715,0
1600,schc,100,3,12,49,588,5.88,1176,708,0
1600,schc,100,3,12,50,600,6,1168,708,0
1600,schc,100,3,12,51,612,6.12,1164,718,0
1600,schc,100,3,12,52,624,6.24,1162,670,0
1600,schc,100,3,12,53,636,6.36,1133,730,0
1600,schc,100,3,12,54,648,6.48,1104,654,0
1600,schc,100,3,12,55,660,6.6,1095,654,0
1600,schc,100,3,12,56,672,6.72,1076,642,0
1600,schc,100,3,12,57,684,6.84,1052,648,0
1600,schc,100,3,12,58,696,6.96,1020,602,0
1600,schc,100,3,12,59,708,7.08,985,626,0
1600,schc,100,3,12,60,720,7.2,960,581,0
1600,schc,100,3,12,61,732,7.32,954,588,0
1600,schc,100,3,12,62,744,7.44,937,552,0
1600,schc,100,3,12,63,756,7.56,203355,124325,0
1600,schc,100,4,12,0,0,0,39239,25811,2847
1600,schc,100,4,12,1,12,0.12,13610,8612,215
1600,schc,100,4,12,2,24,0.24,9111,5600,75
1600,schc,100,4,12,3,36,0.36,6978,4282,26
1600,schc,100,4,12,4,48,0.48,5959,3674,12
1600,schc,100,4,12,5,60,0.6,5312,3291,11
1600,schc,100,4,12,6,72,0.72,4763,3008,4
1600,schc,100,4,12,7,84,0.84,4340,2709,0
1600,schc,100,4,12,8,96,0.96,4095,2582,0
1600,schc,100,4,12,9,108,1.08,3931,2442,0
1600,schc,100,4,12,10,120,1.2,3723,2265,0
1600,schc,100,4,12,11,132,1.32,3528,2187,0
1600,schc,100,4,12,12,144,1.44,3379,2085,0
1600,schc,100,4,12,13,156,1.56,3312,2086,0
1600,schc,100,4,12,14,168,1.68,3209,1984,0
1600,schc,100,4,12,15,180,1.8,3138,1943,0
1600,schc,100,4,12,16,192,1.92,3083,1901,0
1600,schc,100,4,12,17,204,2.04,3006,1834,0
1600,schc,100,4,12,18,216,2.16,2915,1804,0
1600,schc,100,4,12,19,228,2.28,2832,1755,0
1600,schc,100,4,12,20,240,2.4,2735,1703,0
1600,schc,100,4,12,21,252,2.52,2694,1682,0
1600,schc,100,4,12,22,264,2.64,2639,1672,0
1600,schc,100,4,12,23,276,2.76,2566,1603,0
1600,schc,100,4,12,24,288,2.88,2510,1584,0
1600,schc,100,4,12,25,300,3,2430,1513,0
1600,schc,100,4,12,26,312,3.12,2386,1506,0
1600,schc,100,4,12,27,324,3.24,2354,1448,0
1600,schc,100,4,12,28,336,3.36,2302,1439,0
1600,schc,100,4,12,29,348,3.48,2253,1423,0
1600,schc,100,4,12,30,360,3.6,2221,1397,0
1600,schc,100,4,12,31,372,3.72,2196,1381,0
1600,schc,100,4,12,32,384,3.84,2157,1352,0
1600,schc,100,4,12,33,396,3.96,2101,1299,0
1600,schc,100,4,12,34,408,4.08,2059,1289,0
1600,schc,100,4,12,35,420,4.2,2031,1281,0
1600,schc,100,4,12,36,432,4.32,1992,1245,0
1600,schc,100,4,12,37,444,4.44,1972,1243,0
1600,schc,100,4,12,38,456,4.56,1943,1234,0
1600,schc,100,4,12,39,468,4.68,1902,1207,0
1600,schc,100,4,12,40,480,4.8,1883,1172,0
1600,schc,100,4,12,41,492,4.92,1865,1129,0
1600,schc,100,4,12,42,504,5.04,1853,1166,0
1600,schc,100,4,12,43,516,5.16,1848,1139,0
1600,schc,100,4,12,44,528,5.28,1842,1145,0
1600,schc,100,4,12,45,540,5.4,1808,1114,0
1600,schc,100,4,12,46,552,5.52,1778,1161,0
1600,schc,100,4,12,47,564,5.64,1776,1117,0
1600,schc,100,4,12,48,576,5.76,1766,1081,0
1600,schc,100,4,12,49,588,5.88,1760,1112,0
1600,schc,100,4,12,50,600,6,1729,1079,0
1600,schc,100,4,12,51,612,6.12,1691,1078,0
1600,schc,100,4,12,52,624,6.24,1675,1044,0
1600,schc,100,4,12,53,636,6.36,1627,1045,0
1600,schc,100,4,12,54,648,6.48,1598,1014,0
1600,schc,100,4,12,55,660,6.6,1571,1036,0
1600,schc,100,4,12,56,672,6.72,1554,987,0
1600,schc,100,4,12,57,684,6.84,1521,968,0
1600,schc,100,4,12,58,696,6.96,1482,926,0
1600,schc,100,4,12,59,708,7.08,1464,929,0
1600,schc,100,4,12,60,720,7.2,1453,932,0
1600,schc,100,4,12,61,732,7.32,1432,911,0
1600,schc,100,4,12,62,744,7.44,1397,872,0
1600,schc,100,4,12,63,756,7.56,186721,117752,0
1600,schc,100,5,12,0,0,0,39026,25821,3289
1600,schc,100,5,12,1,12,0.12,11539,7064,212
1600,schc,100,5,12,2,24,0.24,7545,4578,57
1600,schc,100,5,12,3,36,0.36,5862,3624,25
1600,schc,100,5,12,4,48,0.48,4937,3066,16
1600,schc,100,5,12,5,60,0.6,4293,2658,11
1600,schc,100,5,12,6,72,0.72,3768,2331,4
1600,schc,100,5,12,7,84,0.84,3436,2147,0
1600,schc,100,5,12,8,96,0.96,3273,2001,0
1600,schc,100,5,12,9,108,1.08,3097,1903,0
1600,schc,100,5,12,10,120,1.2,2944,1773,0
1600,schc,100,5,12,11,132,1.32,2835,1744,0
1600,schc,100,5,12,12,144,1.44,2765,1651,0
1600,schc,100,5,12,13,156,1.56,2702,1637,0
1600,schc,100,5,12,14,168,1.68,2599,1613,0
1600,schc,100,5,12,15,180,1.8,2564,1596,0
1600,schc,100,5,12,16,192,1.92,2498,1525,0
1600,schc,100,5,12,17,204,2.04,2459,1552,0
1600,schc,100,5,12,18,216,2.16,2407,1480,0
1600,schc,100,5,12,19,228,2.28,2304,1404,0
1600,schc,100,5,12,20,240,2.4,2210,1378,0
1600,schc,100,5,12,21,252,2.52,2149,1305,0
1600,schc,100,5,12,22,264,2.64,2082,1275,0
1600,schc,100,5,12,23,276,2.76,2002,1207,0
1600,schc,100,5,12,24,288,2.88,1962,1194,0
1600,schc,100,5,12,25,300,3,1938,1194,0
1600,schc,100,5,12,26,312,3.12,1913,1213,0
1600,schc,100,5,12,27,324,3.24,1863,1165,0
1600,schc,100,5,12,28,336,3.36,1821,1135,0
1600,schc,100,5,12,29,348,3.48,1793,1094,0
1600,schc,100,5,12,30,360,3.6,1769,1093,0
1600,schc,100,5,12,31,372,3.72,1758,1065,0
1600,schc,100,5,12,32,384,3.84,1740,1123,0
1600,schc,100,5,12,33,396,3.96,1740,1064,0
1600,schc,100,5,12,34,408,4.08,1688,1032,0
1600,schc,100,5,12,35,420,4.2,1649,1034,0
1600,schc,100,5,12,36,432,4.32,1612,1014,0
1600,schc,100,5,12,37,444,4.44,1608,1011,0
1600,schc,100,5,12,38,456,4.56,1586,981,0
1600,schc,100,5,12,39,468,4.68,1570,999,0
1600,schc,100,5,12,40,480,4.8,1549,977,0
1600,schc,100,5,12,41,492,4.92,1539,948,0
1600,schc,100,5,12,42,504,5.04,1518,964,0
1600,schc,100,5,12,43,516,5.16,1497,956,0
1600,schc,100,5,12,44,528,5.28,1476,908,0
1600,schc,100,5,12,45,540,5.4,1472,898,0
1600,schc,100,5,12,46,552,5.52,1436,899,0
1600,schc,100,5,12,47,564,5.64,1416,873,0
1600,schc,100,5,12,48,576,5.76,1413,856,0
1600,schc,100,5,12,49,588,5.88,1391,842,0
1600,schc,100,5,12,50,600,6,1371,859,0
1600,schc,100,5,12,51,612,6.12,1364,855,0
1600,schc,100,5,12,52,624,6.24,1344,815,0
1600,schc,100,5,12,53,636,6.36,1327,834,0
1600,schc,100,5,12,54,648,6.48,1308,816,0
1600,schc,100,5,12,55,660,6.6,1301,805,0
1600,schc,100,5,12,56,672,6.72,1285,794,0
1600,schc,100,5,12,57,684,6.84,1250,783,0
1600,schc,100,5,12,58,696,6.96,1224,758,0
1600,schc,100,5,12,59,708,7.08,1224,756,0
1600,schc,100,5,12,60,720,7.2,1214,758,0
1600,schc,100,5,12,61,732,7.32,1194,758,0
1600,schc,100,5,12,62,744,7.44,1167,713,0
1600,schc,100,5,12,63,756,7.56,219414,136508,0
1600,schc,1000,1,125,0,0,0,398655,240536,39290
1600,schc,1000,1,125,1,125,0.125,1180,700,4
1600,schc,1000,1,125,2,250,0.25,125,68,0
1600,schc,1000,1,125,3,375,0.375,40,21,0
1600,schc,1000,2,125,0,0,0,399254,232066,38027
1600,schc,1000,2,125,1,125,0.125,669,380,0
1600,schc,1000,2,125,2,250,0.25,77,51,0
1600,schc,1000,3,125,0,0,0,399198,235179,38582
1600,schc,1000,3,125,1,125,0.125,802,460,4
1600,schc,1000,4,125,0,0,0,398120,235856,36659
1600,schc,1000,4,125,1,125,0.125,1795,1082,4
1600,schc,1000,4,125,2,250,0.25,85,46,0
1600,schc,1000,5,125,0,0,0,398880,235153,39045
1600,schc,1000,5,125,1,125,0.125,1120,632,3
1600,schc,5000,1,625,0,0,0,400000,243478,86811
1600,schc,5000,2,625,0,0,0,400000,221935,84744
1600,schc,5000,3,625,0,0,0,400000,230901,82654
1600,schc,5000,4,625,0,0,0,400000,227774,84762
1600,schc,5000,5,625,0,0,0,400000,217741,88310
1600,schc,15000,1,1875,0,0,0,400000,240839,104448
1600,schc,15000,2,1875,0,0,0,400000,219522,107614
1600,schc,15000,3,1875,0,0,0,400000,231100,108446
1600,schc,15000,4,1875,0,0,0,400000,227757,103994
1600,schc,15000,5,1875,0,0,0,400000,224739,107989
